,1_Base DA ($/MWh),1_High VG DA ($/MWh),2_Base DA ($/MWh),2_High VG DA ($/MWh),3_Base DA ($/MWh),3_High VG DA ($/MWh)
0,3947.9019,3947.0315,3947.9019,3947.0315,3947.9019,3947.0315
1,3947.9019,3943.914,3947.9019,3941.799,3947.9019,3945.37
2,3947.4666,3940.795,3947.4666,3940.795,3947.4666,3940.795
3,3947.4666,131.9149,3947.4666,125.5615,3947.4666,136.28845
4,3947.2747,129.4995,3947.2747,123.26242,3947.2747,133.79295
5,3946.161,125.76876,3946.161,119.711365,3946.161,129.93854
6,3946.161,117.422424,3946.161,111.76701,3946.161,121.31548
7,3945.7256,107.16885,3945.7256,107.16885,3945.7256,107.16885
8,58.00269,58.05449,129.19006,56.56323,309.88467,80.32715
9,55.094536,56.56323,89.43837,55.146957,236.65195,59.38576
10,55.094536,55.146957,89.43837,55.146957,236.65195,59.160194
11,55.094536,55.146957,55.094536,54.880642,60.180393,56.56323
12,55.094536,54.880642,55.094536,54.880642,58.456867,56.405712
13,55.094536,54.880642,55.094536,54.880642,57.42187,55.57694
14,52.943577,54.880642,55.094536,53.788185,55.612263,55.318367
15,52.943577,53.73069,55.094536,53.73069,55.34727,55.146957
16,52.868443,53.53847,52.943577,53.306484,55.094536,55.146957
17,52.868443,53.306484,52.943577,52.604053,55.094536,55.131184
18,52.868443,53.017796,52.868443,52.406136,55.094536,54.95937
19,52.231697,52.406136,52.868443,52.406136,55.094536,54.880642
20,52.231697,52.406136,52.868443,52.406136,55.094536,54.880642
21,52.14735,52.406136,52.231697,51.22475,54.168125,54.880642
22,52.14735,51.525158,52.231697,50.898155,53.726246,54.063713
23,51.665222,50.898155,52.14735,50.898155,53.389294,53.73069
24,51.665222,50.898155,52.14735,50.64635,52.943577,53.306484
25,51.665222,50.497734,51.665222,50.34381,52.943577,52.99535
26,51.665222,50.34381,51.665222,49.912758,52.868443,52.98684
27,51.665222,50.005054,51.665222,49.481884,52.868443,52.406136
28,51.665222,49.481884,51.665222,49.481884,52.868443,52.406136
29,51.665222,49.481884,51.665222,49.481884,52.64725,52.406136
30,51.505783,49.481884,51.665222,49.481884,52.646893,52.17195
31,51.505783,49.481884,51.665222,49.46287,52.231697,51.451115
32,51.505783,49.46287,51.505783,49.28326,52.231697,50.898155
33,51.505783,49.047447,51.505783,49.0224,52.14735,50.898155
34,51.505783,49.0224,51.505783,49.0224,52.14735,50.67358
35,51.505783,49.0224,51.505783,49.0224,51.665222,50.34381
36,51.505783,49.0224,51.505783,49.0224,51.665222,49.63213
37,51.505783,49.0224,51.505783,49.0224,51.665222,49.63213
38,51.22475,49.0224,51.505783,48.33711,51.665222,49.511295
39,51.22475,48.821144,51.505783,48.065617,51.665222,49.481884
40,51.22475,48.33711,51.22475,48.065617,51.665222,49.481884
41,51.03447,48.100048,51.22475,47.904377,51.665222,49.481884
42,51.03447,48.065617,51.22475,47.904377,51.553185,49.481884
43,50.784283,48.039417,51.03447,47.901875,51.505783,49.46287
44,50.784283,48.039417,51.03447,47.733364,51.505783,49.25177
45,50.784283,47.904377,50.784283,47.46664,51.505783,49.210697
46,50.784283,47.901875,50.784283,47.46664,51.505783,49.0224
47,50.784283,47.671265,50.784283,47.46664,51.505783,49.0224
48,50.784283,47.46664,50.784283,47.46664,51.505783,49.0224
49,50.60543,47.46664,50.784283,47.46664,51.505783,49.0224
50,50.60543,47.46664,50.784283,47.46664,51.505783,49.0224
51,50.60543,47.46664,50.627094,47.46664,51.22475,48.800167
52,50.60543,47.46664,50.60543,47.099354,51.22475,48.513496
53,50.60543,47.46664,50.60543,47.031406,51.22475,48.34583
54,50.60543,47.46664,50.60543,47.031406,51.202137,48.33711
55,50.40055,47.234154,50.60543,47.031406,51.080837,48.07281
56,50.34381,47.099354,50.60543,47.031406,51.03447,48.065617
57,50.34381,47.031406,50.60543,47.031406,51.03447,47.904377
58,50.34381,47.031406,50.34381,47.031406,50.97391,47.901875
59,50.34381,47.031406,50.34381,47.031406,50.784283,47.89696
60,50.34381,47.031406,50.34381,47.031406,50.784283,47.862083
61,50.34381,47.031406,50.34381,47.031406,50.784283,47.862083
62,49.90334,47.031406,50.34381,47.031406,50.784283,47.862083
63,49.90334,47.031406,50.34381,46.876465,50.784283,47.862083
64,49.90334,47.031406,49.90334,46.68518,50.784283,47.862083
65,49.90334,47.031406,49.90334,46.68518,50.66564,47.862083
66,49.90334,47.031406,49.90334,46.68518,50.66026,47.862083
67,49.90334,46.68518,49.90334,46.68518,50.61279,47.862083
68,49.90334,46.68518,49.90334,46.59617,50.60543,47.731323
69,49.90334,46.68518,49.90334,46.59617,50.60543,47.502525
70,49.90334,46.59617,49.90334,46.59617,50.60543,47.46664
71,49.705082,46.59617,49.90334,46.59617,50.60543,47.46664
72,49.705082,46.59617,49.90334,46.59617,50.60543,47.46664
73,49.705082,46.59617,49.705082,46.59617,50.60543,47.46664
74,49.46287,46.59617,49.705082,46.59617,50.564896,47.46664
75,49.0224,46.59617,49.705082,46.59617,50.50863,47.46664
76,49.0224,46.59617,49.46287,46.59617,50.466766,47.46664
77,49.0224,46.59617,49.0224,46.502518,50.372528,47.36886
78,49.0224,46.59617,49.0224,46.327194,50.34381,47.245724
79,48.581932,46.395424,49.0224,46.160934,50.34381,47.190346
80,48.581932,46.35993,49.0224,46.160934,50.34381,47.099354
81,48.581932,46.32617,48.581932,46.160934,50.34381,47.09843
82,48.581932,46.32617,48.581932,46.160934,50.34381,47.09843
83,48.581932,46.32617,48.581932,46.160934,50.34381,47.09843
84,48.581932,46.32617,48.581932,46.160934,50.097656,47.031406
85,48.33711,46.32617,48.581932,46.160934,49.98556,47.031406
86,48.33711,46.32617,48.581932,46.160934,49.90334,47.031406
87,48.14146,46.32617,48.33711,46.160934,49.90334,47.031406
88,48.14146,46.32617,48.33711,46.160934,49.90334,47.031406
89,48.14146,46.248726,48.14146,46.160934,49.90334,47.031406
90,48.14146,46.160934,48.14146,45.810608,49.90334,47.031406
91,48.14146,46.160934,48.14146,45.7257,49.90334,47.031406
92,48.14146,46.160934,48.14146,45.7257,49.90334,47.031406
93,47.904377,46.160934,48.14146,45.7257,49.90334,47.031406
94,47.901875,46.160934,48.14146,45.7257,49.90334,47.031406
95,47.901875,46.160934,47.904377,45.7257,49.705082,47.031406
96,47.46664,46.160934,47.901875,45.7257,49.705082,47.031406
97,47.46664,46.160934,47.901875,45.7257,49.705082,47.031406
98,47.46664,46.160934,47.46664,45.7257,49.518932,47.031406
99,47.46664,46.160934,47.46664,45.7257,49.50025,47.031406
100,47.46664,46.160934,47.46664,45.7257,49.498257,47.031406
101,47.46664,46.119656,47.46664,45.7257,49.46287,47.031406
102,47.46664,46.063114,47.46664,45.7257,49.43176,47.031406
103,47.46664,45.848774,47.46664,45.7257,49.43176,47.031406
104,47.46664,45.836296,47.46664,45.7257,49.0224,47.031406
105,47.46664,45.72959,47.46664,45.7257,49.0224,47.031406
106,47.46664,45.727104,47.46664,45.7257,49.0224,46.68518
107,47.46664,45.7257,47.46664,45.375275,49.0224,46.68518
108,47.46664,45.7257,47.46664,45.290466,48.952248,46.68518
109,47.46664,45.7257,47.46664,45.290466,48.944065,46.59617
110,47.46664,45.7257,47.46664,45.290466,48.903984,46.59617
111,47.46664,45.7257,47.46664,45.290466,48.78409,46.59617
112,47.46664,45.7257,47.46664,45.290466,48.756218,46.59617
113,47.46664,45.7257,47.46664,45.290466,48.71118,46.59617
114,47.402664,45.7257,47.46664,45.290466,48.581932,46.59617
115,47.031406,45.7257,47.46664,45.290466,48.581932,46.59617
116,47.031406,45.7257,47.421314,45.290466,48.581932,46.59617
117,47.031406,45.7257,47.402664,45.290466,48.581932,46.59617
118,47.031406,45.7257,47.39928,45.290466,48.581932,46.54215
119,47.031406,45.7257,47.172897,45.290466,48.581932,46.54215
120,47.031406,45.7257,47.031406,45.290466,48.38547,46.472324
121,47.031406,45.696793,47.031406,45.083553,48.33711,46.200726
122,47.031406,45.639484,47.031406,44.959217,48.33711,46.200726
123,47.031406,45.587025,47.031406,44.85867,48.259216,46.200726
124,47.031406,45.587025,47.031406,44.85523,48.14146,46.200726
125,47.031406,45.587025,47.031406,44.85523,48.14146,46.200726
126,47.031406,45.522152,47.031406,44.85523,48.14146,46.200726
127,47.031406,45.522152,47.031406,44.85523,48.14146,46.200726
128,47.031406,45.522152,47.031406,44.85523,48.14146,46.200726
129,47.031406,45.522152,47.031406,44.85523,48.14146,46.200726
130,47.031406,45.522152,47.031406,44.85523,48.11251,46.160934
131,47.031406,45.522152,47.031406,44.85523,48.05407,46.160934
132,47.031406,45.522152,47.031406,44.85523,47.920418,46.160934
133,47.031406,45.522152,47.031406,44.85523,47.920418,46.160934
134,47.031406,45.522152,47.031406,44.85523,47.904377,46.160934
135,47.031406,45.522152,47.031406,44.85523,47.901875,46.160934
136,47.031406,45.522152,47.031406,44.85523,47.901875,46.160934
137,47.031406,45.522152,47.031406,44.85523,47.809624,46.160934
138,47.031406,45.290466,47.031406,44.85523,47.55594,46.160934
139,47.031406,45.290466,47.031406,44.85523,47.46664,46.160934
140,47.031406,45.290466,47.031406,44.85523,47.46664,46.160934
141,47.031406,45.290466,47.031406,44.51929,47.46664,45.98673
142,47.031406,45.290466,47.031406,44.127098,47.46664,45.98218
143,47.031406,45.290466,47.031406,44.127098,47.46664,45.858032
144,47.031406,45.290466,47.031406,44.127098,47.46664,45.858032
145,47.031406,45.290466,47.031406,44.127098,47.46664,45.858032
146,47.031406,45.290466,47.031406,44.09497,47.46664,45.858032
147,47.031406,45.290466,47.031406,44.09497,47.46664,45.858032
148,46.816975,45.290466,47.031406,44.09497,47.46664,45.7257
149,46.59617,45.290466,47.031406,44.09497,47.46664,45.7257
150,46.59617,45.290466,47.031406,44.09497,47.46664,45.7257
151,46.59617,45.048595,47.031406,44.09497,47.46664,45.7257
152,46.59617,45.048595,47.031406,44.09497,47.46664,45.7257
153,46.59617,44.85523,47.022667,44.09497,47.46664,45.7257
154,46.59617,44.85523,46.98583,44.09497,47.46664,45.7257
155,46.59617,44.85523,46.984455,44.09497,47.46664,45.7257
156,46.59617,44.85523,46.940697,44.09497,47.46664,45.7257
157,46.59617,44.85523,46.9286,44.09497,47.402664,45.7257
158,46.59617,44.85523,46.885254,44.09497,47.21524,45.7257
159,46.59617,44.85523,46.613487,44.09497,47.048946,45.7257
160,46.59617,44.85523,46.59617,44.09497,47.031406,45.7257
161,46.59617,44.85523,46.59617,44.09497,47.031406,45.7257
162,46.59617,44.85523,46.59617,44.09497,47.031406,45.590515
163,46.59617,44.85523,46.59617,44.09497,47.031406,45.37005
164,46.59617,44.85523,46.59617,44.09497,47.031406,45.37005
165,46.59617,44.85523,46.59617,44.09497,47.031406,45.37005
166,46.59617,44.85523,46.59617,44.09497,47.031406,45.37005
167,46.59617,44.85523,46.59617,44.09497,47.031406,45.290466
168,46.59617,44.85523,46.59617,44.09497,47.031406,45.290466
169,46.59617,44.85523,46.59617,44.075546,47.031406,45.290466
170,46.59617,44.71813,46.59617,44.056755,47.031406,45.290466
171,46.59617,44.71813,46.59617,43.99022,47.031406,45.290466
172,46.59617,44.71813,46.59617,43.902405,47.031406,45.290466
173,46.59617,44.71813,46.59617,43.841923,47.031406,45.290466
174,46.59617,44.71813,46.59617,43.785522,47.031406,45.290466
175,46.59617,44.71813,46.59617,43.734596,47.031406,45.290466
176,46.59617,44.71813,46.59617,43.71104,47.031406,45.290466
177,46.59617,44.71813,46.59617,43.640564,47.031406,45.290466
178,46.59617,44.71813,46.59617,43.52712,47.031406,45.290466
179,46.59617,44.463207,46.59617,43.52712,47.031406,45.290466
180,46.59617,44.460846,46.59617,43.52003,47.031406,45.138115
181,46.59617,44.386433,46.59617,43.50247,47.031406,45.092403
182,46.59617,44.386433,46.59617,43.391422,47.031406,45.062134
183,46.59617,44.386433,46.59617,43.391422,47.031406,45.062134
184,46.59617,44.386433,46.59617,43.391422,47.031406,45.062134
185,46.59617,44.386433,46.59617,43.32967,47.031406,45.062134
186,46.59617,44.245255,46.59617,43.32967,47.031406,45.062134
187,46.59617,44.127098,46.59617,43.32967,47.031406,45.062134
188,46.59617,44.127098,46.59617,43.32967,47.031406,45.062134
189,46.59617,44.127098,46.59617,43.32967,47.031406,45.062134
190,46.59617,44.09497,46.59617,43.32967,47.031406,45.062134
191,46.59617,44.09497,46.59617,43.32967,47.031406,45.062134
192,46.563023,44.09497,46.59617,43.32967,47.031406,45.062134
193,46.53196,44.09497,46.59617,43.32967,47.016766,45.062134
194,46.53196,44.09497,46.59617,43.32967,46.926376,45.062134
195,46.520016,44.09497,46.59617,43.32967,46.690807,45.062134
196,46.267906,44.09497,46.59617,43.32967,46.59617,45.062134
197,46.160934,44.09497,46.59617,43.32967,46.59617,45.062134
198,46.160934,44.09497,46.59617,43.32967,46.59617,45.062134
199,46.160934,44.09497,46.59617,43.32967,46.59617,45.062134
200,46.160934,44.09497,46.59617,43.32967,46.59617,44.98953
201,46.160934,44.09497,46.59617,43.32967,46.59617,44.98119
202,46.160934,44.09497,46.59617,43.32967,46.59617,44.85523
203,46.160934,44.09497,46.53196,43.32967,46.59617,44.85523
204,46.160934,43.914104,46.53196,43.32967,46.59617,44.85523
205,46.160934,43.914104,46.296032,43.32967,46.59617,44.85523
206,46.160934,43.914104,46.267906,43.32967,46.59617,44.85523
207,46.160934,43.914104,46.25195,43.32967,46.59617,44.85523
208,46.160934,43.902405,46.160934,43.32967,46.59617,44.85523
209,46.160934,43.71104,46.160934,43.32967,46.59617,44.85523
210,46.160934,43.616074,46.160934,43.32967,46.59617,44.85523
211,46.160934,43.616074,46.160934,43.32967,46.59617,44.85523
212,46.160934,43.616074,46.160934,43.32967,46.59617,44.85523
213,46.160934,43.616074,46.160934,43.32967,46.59617,44.85523
214,46.160934,43.616074,46.160934,43.32967,46.59617,44.85523
215,46.160934,43.616074,46.160934,43.32967,46.59617,44.85523
216,46.160934,43.616074,46.160934,43.32967,46.59617,44.85523
217,46.160934,43.616074,46.160934,43.32967,46.59617,44.85523
218,46.160934,43.616074,46.160934,43.32967,46.59617,44.85523
219,46.160934,43.616074,46.160934,43.32967,46.59617,44.68647
220,46.160934,43.616074,46.160934,43.32967,46.59617,44.68647
221,46.160934,43.616074,46.160934,43.32967,46.59617,44.68647
222,46.160934,43.616074,46.160934,43.32967,46.59617,44.68647
223,46.160934,43.616074,46.160934,43.32967,46.59617,44.68647
224,46.160934,43.616074,46.160934,43.32967,46.59617,44.68647
225,46.160934,43.616074,46.160934,43.32967,46.59617,44.68647
226,46.160934,43.616074,46.160934,43.32967,46.59617,44.68647
227,46.160934,43.616074,46.160934,43.32967,46.59617,44.68647
228,46.160934,43.52367,46.160934,43.32967,46.59617,44.539368
229,46.160934,43.52003,46.160934,43.32967,46.59617,44.539368
230,46.160934,43.50247,46.160934,43.32967,46.59617,44.539368
231,46.160934,43.33276,46.160934,43.32967,46.59617,44.539368
232,46.160934,43.32967,46.160934,43.32967,46.59617,44.367767
233,46.160934,43.32967,46.160934,43.32967,46.59617,44.31713
234,46.160934,43.32967,46.160934,43.159336,46.59617,44.280083
235,46.160934,43.32967,46.160934,42.87892,46.59617,44.280083
236,46.160934,43.32967,46.160934,42.87892,46.59617,44.280083
237,46.160934,43.32967,46.160934,42.78149,46.59617,44.280083
238,46.160934,43.32967,46.160934,42.758102,46.59617,44.26624
239,46.160934,43.32967,46.160934,42.758102,46.56494,44.26624
240,46.160934,43.32967,46.160934,42.567585,46.56494,44.26624
241,46.160934,43.32967,46.160934,42.564373,46.53196,44.26624
242,46.160934,43.32967,46.160934,42.564373,46.53196,44.26624
243,46.160934,43.32967,46.160934,42.564373,46.47066,44.127098
244,46.160934,43.32967,46.160934,42.564373,46.267906,44.127098
245,46.160934,43.32967,46.160934,42.564373,46.160934,44.127098
246,46.160934,43.32967,46.160934,42.564373,46.160934,44.09497
247,46.160934,43.32967,46.160934,42.564373,46.160934,44.09497
248,46.160934,43.32967,46.160934,42.564373,46.160934,44.09497
249,45.979588,43.32967,46.160934,42.564373,46.160934,44.09497
250,45.923702,43.32967,46.160934,42.564373,46.160934,44.09497
251,45.923702,43.32967,46.160934,42.564373,46.160934,44.09497
252,45.923702,43.32967,46.160934,42.564373,46.160934,44.09497
253,45.76482,43.32967,46.160934,42.564373,46.160934,44.09497
254,45.76482,43.32967,46.160934,42.564373,46.160934,44.09497
255,45.7257,43.32967,46.160934,42.564373,46.160934,44.09497
256,45.7257,43.32967,46.160934,42.564373,46.160934,44.09497
257,45.7257,43.32967,46.160934,42.564373,46.160934,44.09497
258,45.7257,43.32967,46.160934,42.564373,46.160934,44.09497
259,45.7257,43.32967,46.160934,42.564373,46.160934,44.09497
260,45.7257,43.32967,46.12413,42.564373,46.160934,43.902405
261,45.7257,43.32967,46.12413,42.564373,46.160934,43.87547
262,45.7257,43.32967,46.01749,42.564373,46.160934,43.8737
263,45.7257,43.32967,45.998695,42.564373,46.160934,43.8737
264,45.7257,43.32967,45.94726,42.564373,46.160934,43.8737
265,45.7257,43.32967,45.923702,42.564373,46.160934,43.8737
266,45.7257,43.32967,45.923702,42.564373,46.160934,43.8737
267,45.7257,43.32967,45.923702,42.564373,46.160934,43.8737
268,45.7257,43.32967,45.892807,42.564373,46.160934,43.8737
269,45.7257,43.302612,45.7257,42.564373,46.160934,43.8737
270,45.7257,43.285694,45.7257,42.564373,46.160934,43.8737
271,45.7257,43.252464,45.7257,42.564373,46.160934,43.8737
272,45.7257,43.252464,45.7257,42.564373,46.160934,43.8737
273,45.7257,43.252464,45.7257,42.564373,46.160934,43.817245
274,45.7257,43.252464,45.7257,42.3516,46.160934,43.735146
275,45.7257,43.252464,45.7257,42.327824,46.160934,43.71104
276,45.7257,43.252464,45.7257,42.32011,46.160934,43.708687
277,45.7257,43.252464,45.7257,42.248653,46.160934,43.708687
278,45.7257,43.252464,45.7257,42.248653,46.160934,43.708687
279,45.7257,43.252464,45.7257,42.248653,46.160934,43.539684
280,45.7257,43.231594,45.7257,42.248653,46.160934,43.52003
281,45.7257,43.110085,45.7257,42.248653,46.160934,43.50247
282,45.7257,43.110085,45.7257,41.799072,46.160934,43.47034
283,45.7257,43.110085,45.7257,41.799072,46.160934,43.47034
284,45.7257,43.110085,45.7257,41.799072,46.160934,43.47034
285,45.7257,43.059647,45.7257,41.799072,46.160934,43.47034
286,45.7257,43.01604,45.7257,41.799072,46.160934,43.47034
287,45.7257,42.9179,45.7257,41.799072,46.160934,43.46731
288,45.7257,42.860226,45.7257,41.799072,46.160934,43.46731
289,45.7257,42.85912,45.7257,41.799072,46.160934,43.46731
290,45.7257,42.85912,45.7257,41.799072,46.160934,43.46731
291,45.7257,42.85912,45.7257,41.799072,46.160934,43.32967
292,45.7257,42.85912,45.7257,41.799072,46.160934,43.32967
293,45.7257,42.84572,45.7257,41.799072,46.160934,43.32967
294,45.65901,42.84572,45.7257,41.799072,46.160934,43.32967
295,45.562214,42.84572,45.7257,41.799072,46.160934,43.32967
296,45.562214,42.84572,45.7257,41.799072,46.160934,43.32967
297,45.551548,42.84572,45.7257,41.799072,45.98218,43.32967
298,45.536316,42.758102,45.7257,41.799072,45.923702,43.32967
299,45.53611,42.758102,45.7257,41.799072,45.923702,43.32967
300,45.42649,42.573544,45.7257,41.799072,45.923702,43.32967
301,45.290466,42.564373,45.7257,41.799072,45.7257,43.32967
302,45.290466,42.564373,45.7257,41.799072,45.7257,43.32967
303,45.290466,42.564373,45.7257,41.799072,45.7257,43.32967
304,45.290466,42.564373,45.7257,41.799072,45.7257,43.32967
305,45.290466,42.564373,45.7257,41.799072,45.7257,43.32967
306,45.290466,42.564373,45.7257,41.799072,45.7257,43.32967
307,45.290466,42.564373,45.7257,41.799072,45.7257,43.32967
308,45.290466,42.564373,45.72355,41.799072,45.7257,43.32967
309,45.290466,42.564373,45.689976,41.799072,45.7257,43.32967
310,45.290466,42.564373,45.57972,41.799072,45.7257,43.32967
311,45.290466,42.564373,45.562214,41.799072,45.7257,43.32967
312,45.290466,42.564373,45.562214,41.623528,45.7257,43.32967
313,45.290466,42.564373,45.42649,41.623528,45.7257,43.32967
314,45.290466,42.564373,45.290466,41.515396,45.7257,43.32967
315,45.290466,42.564373,45.290466,41.515396,45.7257,43.32967
316,45.290466,42.564373,45.290466,41.515396,45.7257,43.32967
317,45.290466,42.564373,45.290466,41.515396,45.7257,43.32967
318,45.290466,42.564373,45.290466,41.515396,45.7257,43.32967
319,45.290466,42.564373,45.290466,41.515396,45.7257,43.32967
320,45.290466,42.564373,45.290466,41.515396,45.7257,43.32967
321,45.290466,42.564373,45.290466,41.515396,45.7257,43.32967
322,45.290466,42.564373,45.290466,41.515396,45.7257,43.32967
323,45.290466,42.564373,45.290466,41.515396,45.7257,43.32967
324,45.290466,42.564373,45.290466,41.515396,45.7257,43.32967
325,45.290466,42.465775,45.290466,41.515396,45.7257,43.32967
326,45.290466,42.465775,45.290466,41.515396,45.7257,43.32967
327,45.290466,42.465775,45.290466,41.515396,45.7257,43.32967
328,45.290466,42.465775,45.290466,41.515396,45.7257,43.322346
329,45.290466,42.465775,45.290466,41.515396,45.7257,43.322346
330,45.290466,42.465775,45.290466,41.515396,45.7257,43.282726
331,45.290466,42.465775,45.290466,41.515396,45.7257,43.24454
332,45.290466,42.465775,45.290466,41.4023,45.7257,43.24454
333,45.290466,42.465775,45.290466,41.318302,45.7257,43.062794
334,45.290466,42.465775,45.290466,41.17805,45.7257,43.06093
335,45.290466,42.465775,45.290466,41.1693,45.7257,43.06093
336,45.290466,42.33167,45.290466,41.1693,45.7257,43.06093
337,45.290466,42.30606,45.290466,41.1693,45.7257,43.06093
338,45.290466,42.30606,45.290466,41.1693,45.7257,43.06093
339,45.290466,42.30606,45.290466,41.1693,45.7257,43.06093
340,45.290466,42.290787,45.290466,41.1693,45.656315,43.06093
341,45.290466,42.276466,45.290466,41.1693,45.562214,43.06093
342,45.290466,42.10259,45.290466,41.1693,45.562214,43.06093
343,45.290466,42.07536,45.290466,41.1693,45.42649,42.87801
344,45.290466,42.07536,45.290466,41.1693,45.290466,42.87801
345,45.290466,42.07536,45.290466,41.1693,45.290466,42.87801
346,45.290466,42.07536,45.290466,41.1693,45.290466,42.87801
347,45.290466,42.07536,45.290466,41.1693,45.290466,42.815384
348,45.290466,42.07243,45.290466,41.1693,45.290466,42.815384
349,45.290466,42.07243,45.290466,41.1693,45.290466,42.758102
350,45.290466,42.07243,45.290466,41.1693,45.290466,42.758102
351,45.290466,42.07243,45.290466,41.1693,45.290466,42.70235
352,45.18895,41.96658,45.290466,41.1693,45.290466,42.674442
353,44.959175,41.94824,45.290466,41.1693,45.290466,42.674442
354,44.959175,41.932114,45.290466,41.1693,45.290466,42.674442
355,44.932552,41.932114,45.290466,41.1693,45.290466,42.674442
356,44.901817,41.799072,45.290466,41.1693,45.290466,42.65454
357,44.85523,41.799072,45.290466,41.1693,45.290466,42.65454
358,44.85523,41.799072,45.290466,41.1693,45.290466,42.65454
359,44.85523,41.799072,45.290466,41.1693,45.290466,42.65454
360,44.85523,41.799072,45.290466,41.1693,45.290466,42.65454
361,44.85523,41.799072,45.290466,41.1693,45.290466,42.65454
362,44.85523,41.799072,45.290466,41.1693,45.290466,42.65454
363,44.85523,41.799072,45.290466,41.1693,45.290466,42.639706
364,44.85523,41.799072,45.290466,41.1693,45.290466,42.639706
365,44.85523,41.799072,45.285328,41.1693,45.290466,42.564373
366,44.85523,41.799072,45.254353,41.1693,45.290466,42.564373
367,44.85523,41.799072,44.986134,41.1693,45.290466,42.564373
368,44.85523,41.799072,44.959175,41.1693,45.290466,42.564373
369,44.85523,41.799072,44.959175,41.1693,45.290466,42.564373
370,44.85523,41.799072,44.85523,41.1693,45.290466,42.564373
371,44.85523,41.799072,44.85523,41.1693,45.290466,42.564373
372,44.85523,41.799072,44.85523,41.1693,45.290466,42.564373
373,44.85523,41.799072,44.85523,41.1693,45.290466,42.564373
374,44.85523,41.799072,44.85523,41.1693,45.290466,42.564373
375,44.85523,41.799072,44.85523,41.1693,45.290466,42.564373
376,44.85523,41.799072,44.85523,41.1693,45.290466,42.564373
377,44.85523,41.799072,44.85523,41.1693,45.290466,42.564373
378,44.85523,41.799072,44.85523,41.1693,45.290466,42.564373
379,44.85523,41.799072,44.85523,41.1693,45.290466,42.564373
380,44.85523,41.799072,44.85523,41.13362,45.290466,42.564373
381,44.85523,41.799072,44.85523,41.091965,45.290466,42.564373
382,44.85523,41.782482,44.85523,41.062923,45.290466,42.564373
383,44.85523,41.679085,44.85523,41.041363,45.290466,42.564373
384,44.85523,41.679085,44.85523,41.041363,45.290466,42.564373
385,44.85523,41.679085,44.85523,41.033775,45.290466,42.564373
386,44.85523,41.679085,44.85523,41.033775,45.290466,42.564373
387,44.85523,41.679085,44.85523,41.033775,45.290466,42.564373
388,44.85523,41.679085,44.85523,41.033775,45.290466,42.564373
389,44.85523,41.679085,44.85523,41.033775,45.290466,42.440254
390,44.85523,41.679085,44.85523,41.033775,45.290466,42.426014
391,44.85523,41.679085,44.85523,41.033775,45.290466,42.426014
392,44.85523,41.656452,44.85523,41.033775,45.290466,42.248158
393,44.85523,41.61671,44.85523,41.033775,45.290466,42.248158
394,44.85523,41.520527,44.85523,41.033775,45.290466,42.248158
395,44.85523,41.502037,44.85523,41.033775,44.959175,42.248158
396,44.85523,41.502037,44.85523,41.033775,44.959175,42.248158
397,44.85523,41.502037,44.85523,41.033775,44.85523,42.248158
398,44.85523,41.502037,44.85523,41.033775,44.85523,42.1927
399,44.85523,41.44142,44.85523,41.033775,44.85523,42.132427
400,44.85523,41.44142,44.85523,41.033775,44.85523,42.106308
401,44.85523,41.305004,44.85523,41.033775,44.85523,42.04733
402,44.85523,41.305004,44.85523,41.033775,44.85523,42.04733
403,44.85523,41.305004,44.85523,41.033775,44.85523,42.04733
404,44.85523,41.305004,44.85523,41.033775,44.85523,42.04733
405,44.85523,41.29928,44.85523,41.033775,44.85523,42.036644
406,44.806778,41.29928,44.85523,41.033775,44.85523,41.97948
407,44.75749,41.285744,44.85523,41.033775,44.85523,41.947426
408,44.73558,41.285744,44.85523,41.033775,44.85523,41.878544
409,44.724586,41.285744,44.85523,41.033775,44.85523,41.878544
410,44.70651,41.285744,44.85523,41.033775,44.85523,41.878544
411,44.53393,41.285744,44.85523,41.033775,44.85523,41.878544
412,44.470318,41.285744,44.85523,41.033775,44.85523,41.84177
413,44.470318,41.285744,44.85523,41.033775,44.85523,41.84177
414,44.38028,41.1693,44.85523,41.033775,44.85523,41.84177
415,44.09497,41.1693,44.85523,41.033775,44.85523,41.84177
416,44.09497,41.1693,44.85523,40.998215,44.85523,41.81179
417,44.09497,41.1693,44.85523,40.99529,44.85523,41.799072
418,44.09497,41.1693,44.85523,40.985176,44.85523,41.799072
419,44.09497,41.1693,44.819466,40.94608,44.85523,41.799072
420,44.09497,41.1693,44.819466,40.944263,44.85523,41.799072
421,44.09497,41.1693,44.785423,40.805588,44.85523,41.799072
422,44.09497,41.1693,44.75749,40.7949,44.85523,41.799072
423,44.09497,41.1693,44.738605,40.7949,44.85523,41.799072
424,44.09497,41.1693,44.728718,40.7949,44.85523,41.799072
425,44.09497,41.1693,44.723644,40.7949,44.85523,41.799072
426,44.09497,41.1693,44.71333,40.7949,44.85523,41.799072
427,44.09497,41.1693,44.595356,40.7949,44.85523,41.799072
428,44.09497,41.1693,44.450115,40.7949,44.85523,41.799072
429,44.09497,41.1693,44.295967,40.7949,44.85523,41.799072
430,44.09497,41.1693,44.23897,40.7949,44.85523,41.799072
431,44.09497,41.1693,44.09497,40.7949,44.85523,41.799072
432,44.09497,41.1693,44.09497,40.7949,44.85523,41.799072
433,44.09497,41.1693,44.09497,40.7949,44.85523,41.799072
434,44.09497,41.1693,44.09497,40.7949,44.85523,41.799072
435,44.09497,41.1693,44.09497,40.7949,44.85523,41.799072
436,44.09497,41.1693,44.09497,40.7949,44.85523,41.799072
437,44.09497,41.1693,44.09497,40.7949,44.85523,41.799072
438,44.09497,41.1693,44.09497,40.7949,44.85523,41.799072
439,44.09497,41.1693,44.09497,40.7949,44.85523,41.799072
440,44.09497,41.1693,44.09497,40.7949,44.85523,41.799072
441,44.09497,41.1693,44.09497,40.7949,44.85523,41.799072
442,44.09497,41.1693,44.09497,40.7949,44.85523,41.799072
443,44.09497,41.1693,44.09497,40.7949,44.85523,41.74927
444,44.09497,41.1693,44.09497,40.7949,44.85523,41.74927
445,44.09497,41.1693,44.09497,40.7949,44.85523,41.74927
446,44.09497,41.1693,44.09497,40.7949,44.75749,41.647274
447,44.09497,41.1693,44.09497,40.7949,44.722565,41.647274
448,44.09497,41.1693,44.09497,40.7949,44.624863,41.647274
449,44.09497,41.094944,44.09497,40.7949,44.09497,41.647274
450,44.09497,41.07833,44.09497,40.7949,44.09497,41.647274
451,44.09497,41.06455,44.09497,40.7949,44.09497,41.55338
452,44.09497,41.06455,44.09497,40.7949,44.09497,41.435387
453,44.09497,41.033775,44.09497,40.7949,44.09497,41.435387
454,44.09497,41.033775,44.09497,40.7949,44.09497,41.435387
455,44.09497,41.033775,44.09497,40.7949,44.09497,41.435387
456,44.09497,41.033775,44.09497,40.7949,44.09497,41.435387
457,44.09497,41.033775,44.09497,40.7949,44.09497,41.435387
458,44.09497,41.033775,44.09497,40.7949,44.09497,41.435387
459,44.09497,41.033775,44.09497,40.7949,44.09497,41.435387
460,44.09497,41.033775,44.09497,40.7949,44.09497,41.435387
461,44.09497,41.033775,44.09497,40.782143,44.09497,41.435387
462,44.09497,41.033775,44.09497,40.782143,44.09497,41.36611
463,44.09497,41.033775,44.09497,40.782143,44.09497,41.257908
464,44.09497,41.033775,44.09497,40.782143,44.09497,41.257908
465,44.09497,41.033775,44.09497,40.782143,44.09497,41.251026
466,44.09497,41.033775,44.09497,40.74824,44.09497,41.21665
467,44.09497,41.033775,44.09497,40.591805,44.09497,41.21665
468,44.09497,41.033775,44.09497,40.536293,44.09497,41.21665
469,44.09497,41.033775,44.09497,40.52796,44.09497,41.21665
470,44.09497,41.033775,44.09497,40.420498,44.09497,41.215946
471,44.09497,41.033775,44.09497,40.420498,44.09497,41.1693
472,44.09497,41.033775,44.09497,40.420498,44.09497,41.1693
473,44.09497,41.033775,44.09497,40.420498,44.09497,41.1693
474,44.09497,41.033775,44.09497,40.420498,44.09497,41.1693
475,44.09497,41.033775,44.09497,40.420498,44.09497,41.1693
476,44.09497,41.033775,44.09497,40.420498,44.09497,41.1693
477,43.32967,41.033775,44.09497,40.420498,44.09497,41.1693
478,43.32967,41.033775,44.09497,40.420498,44.09497,41.1693
479,43.32967,41.033775,44.09497,40.420498,44.09497,41.1693
480,43.32967,40.931477,44.09497,40.420498,44.09497,41.1693
481,43.32967,40.8924,44.09497,40.420498,44.09497,41.1693
482,43.32967,40.8924,44.09497,40.420498,44.09497,41.1693
483,43.32967,40.8924,44.09497,40.420498,44.09497,41.1693
484,43.32967,40.8924,44.09497,40.420498,44.09497,41.1693
485,43.32967,40.8924,44.09497,40.420498,44.09497,41.1693
486,43.32967,40.8924,44.09497,40.420498,44.09497,41.1693
487,43.32967,40.7949,44.09497,40.420498,44.09497,41.1693
488,43.32967,40.7949,44.09497,40.420498,44.09497,41.1693
489,43.32967,40.7949,44.09497,40.420498,44.09497,41.1693
490,43.32967,40.7949,44.09497,40.420498,44.09497,41.1693
491,43.32967,40.7949,44.09497,40.420498,44.09497,41.1693
492,43.32967,40.7949,44.09497,40.420498,44.09497,41.1693
493,43.32967,40.7949,44.01775,40.420498,44.09497,41.1693
494,43.32967,40.7949,43.83827,40.420498,44.09497,41.1693
495,43.32967,40.7949,43.52466,40.420498,44.09497,41.1693
496,43.32967,40.7949,43.499077,40.420498,44.09497,41.1693
497,43.32967,40.7949,43.38975,40.420498,44.09497,41.1693
498,43.32967,40.7949,43.32967,40.420498,44.09497,41.1693
499,43.32967,40.7949,43.32967,40.420498,44.09497,41.1693
500,43.32967,40.7949,43.32967,40.420498,44.09497,41.1693
501,43.32967,40.7949,43.32967,40.420498,44.09497,41.1693
502,43.32967,40.7949,43.32967,40.420498,44.09497,41.1693
503,43.32967,40.7949,43.32967,40.420498,44.09497,41.1693
504,43.32967,40.7949,43.32967,40.420498,44.09497,41.1693
505,43.32967,40.7949,43.32967,40.420498,44.09497,41.1693
506,43.32967,40.7949,43.32967,40.420498,44.09497,41.082645
507,43.32967,40.7949,43.32967,40.420498,44.09497,41.082645
508,43.32967,40.7949,43.32967,40.420498,44.09497,41.065556
509,43.32967,40.7949,43.32967,40.420498,44.09497,41.033775
510,43.32967,40.7949,43.32967,40.420498,44.09497,41.033775
511,43.32967,40.7949,43.32967,40.420498,44.05107,41.033775
512,43.32967,40.7949,43.32967,40.420498,43.932663,41.033775
513,43.32967,40.7949,43.32967,40.420498,43.485855,41.033775
514,43.32967,40.7949,43.32967,40.420498,43.485855,41.033775
515,43.32967,40.7949,43.32967,40.420498,43.387363,41.033775
516,43.32967,40.7949,43.32967,40.420498,43.32967,41.033775
517,43.32967,40.7949,43.32967,40.420498,43.32967,41.033775
518,43.32967,40.7949,43.32967,40.420498,43.32967,41.033775
519,43.32967,40.7949,43.32967,40.420498,43.32967,41.033775
520,43.32967,40.7949,43.32967,40.420498,43.32967,41.033775
521,43.32967,40.7949,43.32967,40.420498,43.32967,41.033775
522,43.32967,40.786434,43.32967,40.420498,43.32967,41.033775
523,43.32967,40.780384,43.32967,40.420498,43.32967,41.033775
524,43.32967,40.72165,43.32967,40.420498,43.32967,41.033775
525,43.32967,40.72165,43.32967,40.38547,43.32967,41.033775
526,43.32967,40.698013,43.32967,40.292854,43.32967,41.033775
527,43.32967,40.698013,43.32967,40.26848,43.32967,41.033775
528,43.32967,40.698013,43.32967,40.26848,43.32967,41.033775
529,42.92059,40.698013,43.32967,40.26848,43.32967,41.033775
530,42.7883,40.687675,43.32967,40.26848,43.32967,41.033775
531,42.710815,40.632343,43.32967,40.26848,43.32967,41.033775
532,42.708527,40.595844,43.32967,40.26848,43.32967,41.033775
533,42.625763,40.534645,43.32967,40.26848,43.32967,41.033775
534,42.564373,40.534645,43.32967,40.26848,43.32967,41.033775
535,42.564373,40.534645,43.32967,40.26848,43.32967,41.033775
536,42.564373,40.534645,43.32967,40.26848,43.32967,41.018105
537,42.564373,40.499054,43.32967,40.26848,43.32967,40.99682
538,42.564373,40.499054,43.32967,40.26848,43.32967,40.982952
539,42.564373,40.499054,43.32967,40.26848,43.32967,40.868538
540,42.564373,40.499054,43.32967,40.26848,43.32967,40.842236
541,42.564373,40.480892,43.32967,40.26848,43.32967,40.83418
542,42.564373,40.420498,43.32967,40.26848,43.32967,40.83418
543,42.564373,40.420498,43.32967,40.26848,43.32967,40.83418
544,42.564373,40.420498,43.32967,40.05788,43.32967,40.83418
545,42.564373,40.420498,43.32967,40.04889,43.32967,40.83418
546,42.564373,40.420498,43.32967,40.04889,43.32967,40.7949
547,42.564373,40.420498,43.32967,40.04889,43.32967,40.7949
548,42.564373,40.420498,43.32967,40.04889,43.32967,40.7949
549,42.564373,40.420498,43.32967,40.04889,43.32967,40.7949
550,42.564373,40.420498,43.062,40.0461,43.32967,40.7949
551,42.564373,40.420498,43.04615,40.0461,43.32967,40.7949
552,42.564373,40.420498,42.87759,40.0461,43.32967,40.7949
553,42.564373,40.420498,42.78149,40.0461,43.32967,40.7949
554,42.564373,40.420498,42.724113,40.0461,43.32967,40.7949
555,42.564373,40.420498,42.63504,40.0461,43.32967,40.7949
556,42.564373,40.420498,42.564373,40.0461,43.32967,40.7949
557,42.564373,40.420498,42.564373,40.0461,43.32967,40.7949
558,42.564373,40.420498,42.564373,40.0461,43.32967,40.7949
559,42.564373,40.420498,42.564373,40.0461,43.32967,40.7949
560,42.564373,40.420498,42.564373,40.0461,43.32967,40.7949
561,42.564373,40.420498,42.564373,40.0461,43.32967,40.7949
562,42.564373,40.420498,42.564373,40.0461,43.32967,40.7949
563,42.564373,40.420498,42.564373,40.0461,43.32967,40.7949
564,42.564373,40.420498,42.564373,40.0461,43.32967,40.7949
565,42.564373,40.420498,42.564373,40.0461,43.32967,40.7949
566,42.564373,40.420498,42.564373,40.0461,43.32967,40.7949
567,42.564373,40.420498,42.564373,40.0461,43.32967,40.7949
568,42.564373,40.420498,42.564373,40.0461,42.963524,40.7949
569,42.564373,40.420498,42.564373,40.0461,42.754086,40.7949
570,42.564373,40.420498,42.564373,40.0461,42.687664,40.7949
571,42.564373,40.420498,42.564373,40.0461,42.564373,40.7949
572,42.564373,40.420498,42.564373,40.0461,42.564373,40.7949
573,42.564373,40.420498,42.564373,40.0461,42.564373,40.7949
574,42.564373,40.420498,42.564373,40.0461,42.564373,40.7949
575,42.564373,40.420498,42.564373,40.0461,42.564373,40.7949
576,42.564373,40.420498,42.564373,40.0461,42.564373,40.7949
577,42.564373,40.420498,42.564373,40.0461,42.564373,40.7949
578,42.564373,40.420498,42.564373,40.0461,42.564373,40.7949
579,42.564373,40.420498,42.564373,40.0461,42.564373,40.7949
580,42.564373,40.420498,42.564373,40.0461,42.564373,40.7949
581,42.564373,40.420498,42.564373,40.0461,42.564373,40.599792
582,42.564373,40.420498,42.564373,40.0461,42.564373,40.599792
583,42.564373,40.420498,42.564373,40.0461,42.564373,40.599792
584,42.563866,40.420498,42.564373,40.0461,42.564373,40.479168
585,42.44629,40.420498,42.564373,40.0461,42.564373,40.479168
586,42.363968,40.40952,42.564373,40.0461,42.564373,40.479168
587,42.355362,40.40952,42.564373,40.02699,42.564373,40.479168
588,42.192036,40.40952,42.564373,40.02699,42.564373,40.452408
589,42.166996,40.3108,42.564373,40.02699,42.564373,40.452408
590,42.116894,40.3108,42.564373,39.913376,42.564373,40.452408
591,42.082428,40.3108,42.564373,39.91254,42.564373,40.420498
592,42.069527,40.3108,42.564373,39.91254,42.564373,40.420498
593,41.956448,40.3108,42.564373,39.8988,42.564373,40.420498
594,41.799072,40.26848,42.564373,39.764774,42.564373,40.420498
595,41.799072,40.26848,42.564373,39.6717,42.564373,40.420498
596,41.799072,40.26848,42.564373,39.6717,42.564373,40.420498
597,41.799072,40.26848,42.564373,39.6717,42.564373,40.420498
598,41.799072,40.26848,42.564373,39.6717,42.564373,40.420498
599,41.799072,40.26848,42.564373,39.6717,42.564373,40.420498
600,41.799072,40.26848,42.564373,39.6717,42.564373,40.420498
601,41.799072,40.26848,42.564373,39.6717,42.564373,40.420498
602,41.799072,40.26848,42.564373,39.6717,42.564373,40.420498
603,41.799072,40.26848,42.564373,39.6717,42.564373,40.420498
604,41.799072,40.26848,42.564373,39.6717,42.564373,40.420498
605,41.799072,40.26848,42.564373,39.6717,42.564373,40.420498
606,41.799072,40.26848,42.526657,39.6717,42.564373,40.420498
607,41.799072,40.26848,42.481495,39.6717,42.564373,40.420498
608,41.799072,40.212246,42.481495,39.6717,42.564373,40.420498
609,41.799072,40.211906,42.45625,39.6717,42.564373,40.420498
610,41.799072,40.156563,42.399826,39.6717,42.564373,40.420498
611,41.799072,40.1462,42.28586,39.6717,42.564373,40.420498
612,41.799072,40.10571,42.192036,39.6717,42.564373,40.420498
613,41.799072,40.10571,42.07643,39.6717,42.564373,40.420498
614,41.799072,40.10571,41.99173,39.6717,42.564373,40.420498
615,41.799072,40.10571,41.925377,39.6717,42.564373,40.420498
616,41.799072,40.10571,41.8558,39.6717,42.564373,40.420498
617,41.799072,40.10571,41.8558,39.6717,42.564373,40.420498
618,41.799072,40.10571,41.799072,39.6717,42.564373,40.420498
619,41.799072,40.10571,41.799072,39.6717,42.564373,40.420498
620,41.799072,40.10571,41.799072,39.6717,42.564373,40.420498
621,41.799072,40.10571,41.799072,39.6717,42.476524,40.420498
622,41.799072,40.0461,41.799072,39.6717,42.192036,40.420498
623,41.799072,40.0461,41.799072,39.6717,41.889473,40.420498
624,41.799072,40.0461,41.799072,39.6717,41.799072,40.420498
625,41.799072,40.0461,41.799072,39.6717,41.799072,40.420498
626,41.799072,40.0461,41.799072,39.6717,41.799072,40.420498
627,41.799072,40.0461,41.799072,39.6717,41.799072,40.420498
628,41.799072,40.0461,41.799072,39.6717,41.799072,40.420498
629,41.799072,40.0461,41.799072,39.6717,41.799072,40.420498
630,41.799072,40.0461,41.799072,39.6717,41.799072,40.420498
631,41.799072,40.0461,41.799072,39.6717,41.799072,40.420498
632,41.799072,40.0461,41.799072,39.6717,41.799072,40.420498
633,41.799072,40.0461,41.799072,39.6717,41.799072,40.420498
634,41.799072,40.0461,41.799072,39.6717,41.799072,40.420498
635,41.799072,40.0461,41.799072,39.6717,41.799072,40.286747
636,41.799072,40.0461,41.799072,39.503178,41.799072,40.286747
637,41.799072,40.0461,41.799072,39.503178,41.799072,40.286747
638,41.799072,40.0461,41.799072,39.503178,41.799072,40.286747
639,41.799072,40.0461,41.799072,39.503178,41.799072,40.286747
640,41.799072,40.0461,41.799072,39.503178,41.799072,40.26848
641,41.799072,40.0461,41.799072,39.503178,41.799072,40.26848
642,41.623016,40.0461,41.799072,39.503178,41.799072,40.26848
643,41.52974,40.0461,41.799072,39.503178,41.799072,40.26848
644,41.52974,40.0461,41.799072,39.503178,41.799072,40.26848
645,41.520527,40.0461,41.799072,39.503178,41.799072,40.26848
646,41.466087,40.0461,41.799072,39.503178,41.799072,40.26848
647,41.435677,40.0461,41.799072,39.503178,41.799072,40.26848
648,41.42161,40.0461,41.799072,39.503178,41.799072,40.26848
649,41.3896,40.0461,41.799072,39.503178,41.799072,40.26848
650,41.372288,40.0461,41.799072,39.503178,41.799072,40.26848
651,41.1693,40.0461,41.799072,39.503178,41.799072,40.26848
652,41.1693,40.0461,41.799072,39.503178,41.799072,40.26848
653,41.1693,40.0461,41.799072,39.503178,41.799072,40.26848
654,41.1693,40.0461,41.799072,39.503178,41.799072,40.216637
655,41.1693,40.03866,41.799072,39.503178,41.799072,40.216637
656,41.1693,40.02699,41.799072,39.503178,41.799072,40.17336
657,41.1693,40.02699,41.799072,39.503178,41.799072,40.153297
658,41.1693,40.02699,41.799072,39.503178,41.799072,40.089798
659,41.1693,40.016415,41.799072,39.503178,41.799072,40.089798
660,41.1693,40.01563,41.799072,39.503178,41.799072,40.089798
661,41.1693,39.99272,41.799072,39.50199,41.799072,40.07064
662,41.1693,39.933926,41.799072,39.445484,41.799072,40.07064
663,41.1693,39.933926,41.799072,39.445484,41.799072,40.07064
664,41.1693,39.893993,41.799072,39.443317,41.799072,40.0461
665,41.1693,39.893993,41.799072,39.359303,41.799072,40.0461
666,41.1693,39.893993,41.760998,39.315636,41.799072,40.0461
667,41.1693,39.893993,41.31864,39.315636,41.799072,40.0461
668,41.1693,39.89331,41.24467,39.315636,41.799072,40.0461
669,41.1693,39.886486,41.1693,39.315636,41.799072,40.0461
670,41.1693,39.76429,41.1693,39.2973,41.799072,40.0461
671,41.1693,39.76429,41.1693,39.2973,41.799072,40.0461
672,41.1693,39.76082,41.1693,39.2973,41.71987,40.0461
673,41.1693,39.677227,41.1693,39.2973,41.309765,40.0461
674,41.1693,39.6717,41.1693,39.2973,41.206974,40.0461
675,41.1693,39.6717,41.1693,39.2973,41.19326,40.0461
676,41.1693,39.6717,41.1693,39.2973,41.185246,40.0461
677,41.1693,39.6717,41.1693,39.2973,41.1693,40.0461
678,41.1693,39.6717,41.1693,39.2973,41.1693,40.0461
679,41.1693,39.6717,41.1693,39.2973,41.1693,40.0461
680,41.1693,39.6717,41.1693,39.2973,41.1693,40.0461
681,41.1693,39.6717,41.1693,39.2973,41.1693,40.0461
682,41.1693,39.6717,41.1693,39.2973,41.1693,40.0461
683,41.1693,39.6717,41.1693,39.2973,41.1693,40.0461
684,41.1693,39.6717,41.1693,39.2973,41.1693,40.0461
685,41.1693,39.6717,41.1693,39.2973,41.1693,40.0461
686,41.1693,39.6717,41.1693,39.2973,41.1693,40.0461
687,41.1693,39.6717,41.1693,39.2973,41.1693,40.0461
688,41.1693,39.6717,41.1693,39.2973,41.1693,40.0461
689,41.1693,39.6717,41.1693,39.2973,41.1693,40.0461
690,41.1693,39.6717,41.1693,39.2973,41.1693,40.0461
691,41.1693,39.6717,41.1693,39.2973,41.1693,40.0461
692,41.1693,39.6717,41.1693,39.2973,41.1693,40.0461
693,41.1693,39.6717,41.1693,39.2973,41.1693,40.0461
694,41.1693,39.6717,41.1693,39.2973,41.1693,40.0461
695,41.1693,39.6717,41.1693,39.2973,41.1693,40.0461
696,41.1693,39.6717,41.1693,39.2973,41.1693,40.0461
697,41.1693,39.6717,41.1693,39.2973,41.1693,40.02699
698,41.1693,39.6717,41.1693,39.2973,41.1693,40.02699
699,41.1693,39.6717,41.1693,39.2973,41.1693,40.02699
700,41.1693,39.6717,41.1693,39.2973,41.1693,40.007412
701,41.1693,39.6717,41.1693,39.2973,41.1693,39.833477
702,41.1693,39.6717,41.1693,39.2973,41.1693,39.833477
703,41.1693,39.6717,41.1693,39.2973,41.1693,39.833477
704,41.1693,39.6717,41.1693,39.2973,41.1693,39.700428
705,41.1693,39.6717,41.1693,39.2973,41.1693,39.700428
706,41.1693,39.667793,41.1693,39.2973,41.1693,39.700428
707,41.1693,39.55998,41.1693,39.2973,41.1693,39.700428
708,41.1693,39.55705,41.1693,39.2973,41.1693,39.6717
709,41.1693,39.539986,41.1693,39.2973,41.1693,39.6717
710,41.1693,39.523792,41.1693,39.2973,41.1693,39.6717
711,41.1693,39.523792,41.1693,39.1288,41.1693,39.6717
712,41.1693,39.523792,41.1693,39.099876,41.1693,39.6717
713,41.1693,39.523792,41.1693,39.099876,41.1693,39.6717
714,41.1693,39.523792,41.1693,39.099876,41.1693,39.6717
715,41.1693,39.503178,41.1693,39.08676,41.1693,39.6717
716,41.1693,39.503178,41.1693,39.08676,41.1693,39.6717
717,41.1693,39.503178,41.1693,39.010475,41.1693,39.6717
718,41.1693,39.503178,41.1693,38.9229,41.1693,39.6717
719,41.1693,39.503178,41.1693,38.9229,41.1693,39.6717
720,41.1693,39.503178,41.1693,38.9229,41.1693,39.6717
721,41.1693,39.503178,41.1693,38.9229,41.1693,39.6717
722,41.1693,39.503178,41.1693,38.9229,41.1693,39.6717
723,41.1693,39.503178,41.1693,38.9229,41.1693,39.6717
724,41.1693,39.503178,41.1693,38.9229,41.1693,39.6717
725,41.1693,39.503178,41.1693,38.9229,41.1693,39.6717
726,41.1693,39.503178,41.1693,38.9229,41.1693,39.6717
727,41.1693,39.503178,41.1693,38.9229,41.1693,39.6717
728,41.1693,39.503178,41.1693,38.9229,41.1693,39.6717
729,41.1693,39.503178,41.1693,38.9229,41.1693,39.6717
730,41.1693,39.503178,41.1693,38.9229,41.1693,39.6717
731,41.1693,39.503178,41.1693,38.9229,41.1693,39.6717
732,41.037212,39.503178,41.1693,38.9229,41.1693,39.6717
733,41.033775,39.503178,41.1693,38.9229,41.1693,39.6717
734,41.033775,39.503178,41.1693,38.9229,41.1693,39.6717
735,41.033775,39.503178,41.1693,38.9229,41.1693,39.6717
736,41.033775,39.389404,41.1693,38.9229,41.1693,39.6717
737,41.033775,39.2973,41.1693,38.9229,41.1693,39.6717
738,41.033775,39.2973,41.1693,38.9229,41.1693,39.6717
739,41.033775,39.2973,41.1693,38.9229,41.1693,39.6717
740,41.033775,39.2973,41.1693,38.9229,41.1693,39.525322
741,41.033775,39.2973,41.1693,38.9229,41.1693,39.503178
742,41.033775,39.2973,41.1693,38.9229,41.1693,39.503178
743,41.033775,39.2973,41.1693,38.9229,41.1693,39.503178
744,41.033775,39.2973,41.1693,38.9229,41.1693,39.503178
745,41.033775,39.2973,41.1693,38.9229,41.1693,39.503178
746,41.033775,39.2973,41.1693,38.9229,41.1693,39.503178
747,41.033775,39.2973,41.1693,38.9229,41.1693,39.503178
748,41.033775,39.2973,41.1693,38.9229,41.1693,39.503178
749,41.033775,39.2973,41.1693,38.9229,41.1693,39.503178
750,41.033775,39.2973,41.08753,38.9229,41.1693,39.503178
751,41.033775,39.2973,41.033775,38.9229,41.1693,39.503178
752,41.033775,39.2973,41.033775,38.9229,41.1693,39.503178
753,41.033775,39.2973,41.033775,38.9229,41.1693,39.503178
754,41.033775,39.2973,41.033775,38.9229,41.1693,39.503178
755,41.033775,39.2973,41.033775,38.9229,41.1693,39.503178
756,41.033775,39.2973,41.033775,38.9229,41.1693,39.503178
757,41.033775,39.2973,41.033775,38.9229,41.1693,39.503178
758,41.033775,39.2973,41.033775,38.9229,41.033775,39.503178
759,41.033775,39.2973,41.033775,38.9229,41.033775,39.503178
760,41.033775,39.2973,41.033775,38.9229,41.033775,39.503178
761,41.033775,39.2973,41.033775,38.9229,41.033775,39.503178
762,41.033775,39.2973,41.033775,38.9229,41.033775,39.490852
763,41.033775,39.2973,41.033775,38.9229,41.033775,39.490852
764,41.033775,39.2973,41.033775,38.838184,41.033775,39.490852
765,41.033775,39.2973,41.033775,38.81628,41.033775,39.490852
766,41.033775,39.2973,41.033775,38.756,41.033775,39.490852
767,41.033775,39.2973,41.033775,38.755108,41.033775,39.450317
768,41.033775,39.2973,41.033775,38.73788,41.033775,39.40126
769,41.033775,39.2973,41.033775,38.73788,41.033775,39.393265
770,41.033775,39.2973,41.033775,38.73788,41.033775,39.34388
771,40.95404,39.296932,41.033775,38.73788,41.033775,39.307106
772,40.84554,39.296932,41.033775,38.73788,41.033775,39.307106
773,40.83329,39.296932,41.033775,38.73788,41.033775,39.307106
774,40.7949,39.293224,41.033775,38.73788,41.033775,39.2973
775,40.7949,39.289783,41.033775,38.73788,41.033775,39.2973
776,40.7949,39.180176,41.033775,38.73788,41.033775,39.2973
777,40.7949,39.180176,41.033775,38.73788,41.033775,39.2973
778,40.7949,39.180176,41.033775,38.73788,41.033775,39.2973
779,40.7949,39.180176,41.033775,38.73788,41.033775,39.2973
780,40.7949,39.162407,41.033775,38.73788,41.033775,39.2973
781,40.7949,39.154278,41.033775,38.73788,41.033775,39.2973
782,40.7949,39.154278,41.033775,38.73788,41.033775,39.2973
783,40.7949,39.154278,41.033775,38.73788,41.033775,39.2973
784,40.7949,39.099876,41.033775,38.73788,41.033775,39.2973
785,40.7949,39.07598,41.033775,38.73788,41.033775,39.2973
786,40.7949,38.99393,41.033775,38.73788,41.033775,39.2973
787,40.7949,38.99393,41.033775,38.73788,41.033775,39.2973
788,40.7949,38.99393,41.033775,38.728035,41.033775,39.2973
789,40.7949,38.99393,40.976738,38.67686,41.033775,39.2973
790,40.7949,38.99393,40.932762,38.67537,41.033775,39.2973
791,40.7949,38.944595,40.8843,38.58238,41.033775,39.2973
792,40.7949,38.926067,40.813847,38.58238,41.033775,39.2973
793,40.7949,38.926067,40.7949,38.58238,41.033775,39.2973
794,40.7949,38.9229,40.7949,38.58238,41.033775,39.2973
795,40.7949,38.9229,40.7949,38.5485,41.033775,39.2973
796,40.7949,38.9229,40.7949,38.5485,40.917194,39.2973
797,40.7949,38.9229,40.7949,38.5485,40.7949,39.2973
798,40.7949,38.9229,40.7949,38.5485,40.7949,39.2973
799,40.7949,38.9229,40.7949,38.5485,40.7949,39.2973
800,40.7949,38.9229,40.7949,38.5485,40.7949,39.2973
801,40.7949,38.9229,40.7949,38.5485,40.7949,39.2973
802,40.7949,38.9229,40.7949,38.5485,40.7949,39.2973
803,40.7949,38.9229,40.7949,38.5485,40.7949,39.2973
804,40.7949,38.9229,40.7949,38.5485,40.7949,39.2973
805,40.7949,38.9229,40.7949,38.5485,40.7949,39.2973
806,40.7949,38.9229,40.7949,38.5485,40.7949,39.2973
807,40.7949,38.9229,40.7949,38.5485,40.7949,39.2973
808,40.7949,38.9229,40.7949,38.5485,40.7949,39.099876
809,40.7949,38.9229,40.7949,38.5485,40.7949,39.06716
810,40.7949,38.9229,40.7949,38.5485,40.7949,39.06716
811,40.7949,38.9229,40.7949,38.5485,40.7949,39.06716
812,40.7949,38.9229,40.7949,38.5485,40.7949,39.06716
813,40.7949,38.9229,40.7949,38.5485,40.7949,39.06716
814,40.7949,38.9229,40.7949,38.5485,40.7949,39.06716
815,40.7949,38.9229,40.7949,38.5485,40.7949,39.06716
816,40.7949,38.9229,40.7949,38.5485,40.7949,39.06716
817,40.7949,38.9229,40.7949,38.5485,40.7949,39.06716
818,40.7949,38.9229,40.7949,38.5485,40.7949,39.019367
819,40.7949,38.9229,40.7949,38.5485,40.7949,38.92534
820,40.7949,38.9229,40.7949,38.5485,40.7949,38.92534
821,40.7949,38.9229,40.7949,38.5485,40.7949,38.92534
822,40.7949,38.9229,40.7949,38.5485,40.7949,38.92534
823,40.7949,38.9229,40.7949,38.5485,40.7949,38.9229
824,40.7949,38.9229,40.7949,38.5485,40.7949,38.9229
825,40.7949,38.9229,40.7949,38.5485,40.7949,38.9229
826,40.7949,38.9229,40.7949,38.5485,40.7949,38.9229
827,40.7949,38.9229,40.7949,38.5485,40.7949,38.9229
828,40.7949,38.9229,40.7949,38.5485,40.7949,38.9229
829,40.7949,38.9229,40.7949,38.5485,40.7949,38.9229
830,40.7949,38.9229,40.7949,38.5485,40.7949,38.9229
831,40.7949,38.9229,40.7949,38.5485,40.7949,38.9229
832,40.7949,38.9229,40.7949,38.5485,40.7949,38.9229
833,40.7949,38.803303,40.7949,38.5485,40.7949,38.9229
834,40.7949,38.803303,40.7949,38.5485,40.7949,38.9229
835,40.7949,38.803303,40.7949,38.5485,40.7949,38.9229
836,40.7949,38.791107,40.7949,38.535236,40.7949,38.9229
837,40.7949,38.78476,40.7949,38.5045,40.7949,38.9229
838,40.7949,38.78476,40.7949,38.46328,40.7949,38.9229
839,40.7949,38.78476,40.7949,38.46328,40.7949,38.9229
840,40.7949,38.743656,40.7949,38.46328,40.7949,38.9229
841,40.7949,38.73788,40.7949,38.417397,40.7949,38.9229
842,40.7949,38.73788,40.7949,38.369312,40.7949,38.9229
843,40.7949,38.73788,40.7949,38.369312,40.7949,38.9229
844,40.7949,38.73788,40.7949,38.369312,40.7949,38.9229
845,40.7949,38.73788,40.7949,38.369312,40.7949,38.9229
846,40.7949,38.73788,40.7949,38.369312,40.7949,38.9229
847,40.7949,38.73788,40.7949,38.31937,40.7949,38.9229
848,40.7949,38.73788,40.7949,38.306778,40.7949,38.9229
849,40.7949,38.73788,40.7949,38.292118,40.7949,38.9229
850,40.7949,38.73788,40.7949,38.174103,40.7949,38.9229
851,40.7949,38.73788,40.7949,38.174103,40.7949,38.9229
852,40.7949,38.73788,40.7949,38.174103,40.7949,38.9229
853,40.7949,38.73788,40.7949,38.174103,40.7949,38.9229
854,40.7949,38.73788,40.7949,38.174103,40.7949,38.9229
855,40.7949,38.73788,40.7949,38.174103,40.7949,38.9229
856,40.7949,38.73788,40.7949,38.174103,40.7949,38.9229
857,40.7949,38.67037,40.7949,38.174103,40.7949,38.9229
858,40.7949,38.660645,40.7949,38.174103,40.7949,38.9229
859,40.7949,38.620552,40.7949,38.174103,40.7949,38.9229
860,40.7949,38.581303,40.7949,38.174103,40.7949,38.9229
861,40.7949,38.555206,40.7949,38.174103,40.7949,38.9229
862,40.767452,38.555206,40.7949,38.174103,40.7949,38.921867
863,40.737556,38.555206,40.7949,38.174103,40.7949,38.916836
864,40.67952,38.5485,40.7949,38.174103,40.7949,38.909405
865,40.670616,38.5485,40.7949,38.174103,40.7949,38.79155
866,40.664368,38.5485,40.7949,38.174103,40.7949,38.73788
867,40.650017,38.5485,40.7949,38.174103,40.7949,38.73788
868,40.56581,38.5485,40.7949,38.174103,40.7949,38.73788
869,40.538307,38.5485,40.7949,38.174103,40.7949,38.73788
870,40.506573,38.5485,40.7949,38.174103,40.7949,38.73788
871,40.455517,38.5485,40.7949,38.174103,40.7949,38.73788
872,40.447147,38.5485,40.7949,38.174103,40.7949,38.73788
873,40.420498,38.5485,40.7949,38.174103,40.7949,38.73788
874,40.420498,38.5485,40.7949,38.174103,40.7949,38.73788
875,40.420498,38.5485,40.7949,38.174103,40.7949,38.73788
876,40.420498,38.5485,40.7949,38.174103,40.7949,38.73788
877,40.420498,38.5485,40.7949,38.174103,40.7949,38.73788
878,40.420498,38.5485,40.7949,38.174103,40.7949,38.73788
879,40.420498,38.5485,40.7949,38.174103,40.7949,38.73788
880,40.420498,38.5485,40.7949,38.174103,40.7949,38.73788
881,40.420498,38.5485,40.61044,38.174103,40.7949,38.73788
882,40.420498,38.5485,40.420498,38.174103,40.7949,38.5485
883,40.420498,38.5485,40.420498,38.174103,40.7949,38.5485
884,40.420498,38.5485,40.420498,38.174103,40.7949,38.5485
885,40.420498,38.5485,40.420498,38.174103,40.420498,38.5485
886,40.420498,38.5485,40.420498,38.174103,40.420498,38.5485
887,40.420498,38.5485,40.420498,38.174103,40.420498,38.5485
888,40.420498,38.5485,40.420498,38.174103,40.420498,38.5485
889,40.420498,38.5485,40.420498,38.174103,40.420498,38.5485
890,40.420498,38.5485,40.420498,38.174103,40.420498,38.5485
891,40.420498,38.5485,40.420498,38.174103,40.420498,38.5485
892,40.420498,38.5485,40.420498,38.174103,40.420498,38.5485
893,40.420498,38.5485,40.420498,38.174103,40.420498,38.5485
894,40.420498,38.5485,40.420498,38.174103,40.420498,38.5485
895,40.420498,38.5485,40.420498,38.174103,40.420498,38.5485
896,40.420498,38.5485,40.420498,38.174103,40.420498,38.5485
897,40.420498,38.5485,40.420498,38.174103,40.420498,38.5485
898,40.420498,38.5485,40.420498,38.174103,40.420498,38.5485
899,40.420498,38.5485,40.420498,38.174103,40.420498,38.5485
900,40.420498,38.5485,40.420498,38.174103,40.420498,38.5485
901,40.420498,38.426426,40.420498,38.16383,40.420498,38.5485
902,40.420498,38.426426,40.420498,38.11028,40.420498,38.5485
903,40.420498,38.426426,40.420498,38.102394,40.420498,38.5485
904,40.420498,38.426426,40.420498,38.096848,40.420498,38.5485
905,40.420498,38.223576,40.420498,38.01059,40.420498,38.5485
906,40.420498,38.223576,40.420498,38.01059,40.420498,38.5485
907,40.420498,38.223576,40.420498,37.98837,40.420498,38.5485
908,40.420498,38.223576,40.420498,37.97258,40.420498,38.5485
909,40.420498,38.223576,40.420498,37.97258,40.420498,38.5485
910,40.420498,38.207424,40.420498,37.97258,40.420498,38.5485
911,40.420498,38.184345,40.420498,37.97258,40.420498,38.5485
912,40.420498,38.174103,40.420498,37.97258,40.420498,38.5485
913,40.420498,38.174103,40.420498,37.97258,40.420498,38.5485
914,40.420498,38.174103,40.420498,37.97258,40.420498,38.5485
915,40.420498,38.174103,40.420498,37.97258,40.420498,38.5485
916,40.420498,38.174103,40.420498,37.97258,40.420498,38.5485
917,40.420498,38.174103,40.420498,37.97258,40.420498,38.5485
918,40.420498,38.174103,40.420498,37.97258,40.420498,38.5485
919,40.420498,38.174103,40.420498,37.97258,40.420498,38.527676
920,40.420498,38.174103,40.420498,37.97258,40.420498,38.465153
921,40.420498,38.174103,40.420498,37.97258,40.420498,38.33529
922,40.420498,38.174103,40.420498,37.97258,40.420498,38.28141
923,40.420498,38.174103,40.420498,37.97258,40.420498,38.231205
924,40.420498,38.174103,40.420498,37.97258,40.420498,38.174103
925,40.420498,38.174103,40.420498,37.97258,40.420498,38.174103
926,40.420498,38.174103,40.420498,37.97258,40.420498,38.174103
927,40.420498,38.174103,40.420498,37.97258,40.420498,38.174103
928,40.420498,38.174103,40.420498,37.97258,40.420498,38.174103
929,40.420498,38.174103,40.420498,37.97258,40.420498,38.174103
930,40.420498,38.174103,40.420498,37.97258,40.420498,38.174103
931,40.420498,38.174103,40.420498,37.97258,40.420498,38.174103
932,40.420498,38.174103,40.420498,37.97258,40.420498,38.174103
933,40.420498,38.174103,40.420498,37.97258,40.420498,38.174103
934,40.420498,38.174103,40.420498,37.97193,40.420498,38.174103
935,40.420498,38.174103,40.420498,37.924313,40.420498,38.174103
936,40.420498,38.174103,40.420498,37.849125,40.420498,38.174103
937,40.420498,38.174103,40.420498,37.849125,40.420498,38.174103
938,40.420498,38.174103,40.420498,37.83574,40.420498,38.174103
939,40.420498,38.174103,40.420498,37.75728,40.420498,38.174103
940,40.420498,38.174103,40.420498,37.750736,40.420498,38.174103
941,40.420498,38.174103,40.420498,37.651867,40.420498,38.174103
942,40.420498,38.174103,40.420498,37.620213,40.420498,38.174103
943,40.420498,38.174103,40.420498,37.620213,40.420498,38.174103
944,40.420498,38.174103,40.420498,37.620213,40.420498,38.174103
945,40.420498,38.174103,40.420498,37.620213,40.420498,38.174103
946,40.420498,38.174103,40.420498,37.620213,40.420498,38.174103
947,40.420498,38.174103,40.420498,37.555862,40.420498,38.174103
948,40.420498,38.174103,40.420498,37.494183,40.420498,38.174103
949,40.420498,38.174103,40.420498,37.45915,40.420498,38.174103
950,40.420498,38.174103,40.420498,37.414497,40.420498,38.174103
951,40.420498,38.174103,40.420498,37.404278,40.420498,38.174103
952,40.420498,38.174103,40.420498,37.404278,40.420498,38.174103
953,40.420498,38.045727,40.420498,37.404278,40.420498,38.174103
954,40.420498,38.045727,40.420498,37.33426,40.420498,38.174103
955,40.420498,38.045727,40.420498,37.293144,40.420498,38.174103
956,40.420498,37.97258,40.420498,37.293144,40.420498,38.174103
957,40.420498,37.97258,40.420498,37.293144,40.420498,38.174103
958,40.420498,37.97258,40.420498,37.293144,40.420498,38.174103
959,40.420498,37.97258,40.420498,37.268494,40.420498,38.174103
960,40.420498,37.97258,40.420498,37.268494,40.420498,38.174103
961,40.420498,37.97258,40.420498,37.268494,40.420498,38.174103
962,40.420498,37.97258,40.420498,37.231697,40.420498,38.174103
963,40.420498,37.97258,40.420498,37.162758,40.420498,38.174103
964,40.420498,37.97258,40.420498,37.148846,40.420498,38.174103
965,40.420498,37.97258,40.420498,37.11587,40.420498,37.97258
966,40.375427,37.97258,40.420498,37.11587,40.420498,37.97258
967,40.336693,37.97258,40.420498,37.11587,40.420498,37.97258
968,40.32569,37.97258,40.420498,37.11587,40.420498,37.97258
969,40.26848,37.97258,40.420498,37.11587,40.420498,37.97258
970,40.26848,37.97258,40.420498,37.07218,40.420498,37.97258
971,40.26848,37.97258,40.420498,37.051277,40.420498,37.97258
972,40.26848,37.97258,40.420498,37.051277,40.420498,37.97258
973,40.26848,37.97258,40.420498,36.93442,40.420498,37.97258
974,40.26848,37.97258,40.420498,36.93442,40.420498,37.97258
975,40.26848,37.97258,40.319256,36.93442,40.420498,37.97258
976,40.26848,37.97258,40.26848,36.916775,40.420498,37.97258
977,40.26848,37.97258,40.26848,36.916775,40.420498,37.97258
978,40.26848,37.81348,40.26848,36.916775,40.26848,37.97258
979,40.26848,37.81348,40.26848,36.738598,40.26848,37.97258
980,40.26848,37.81348,40.26848,36.718983,40.26848,37.97258
981,40.26848,37.81348,40.26848,36.698277,40.26848,37.97258
982,40.26848,37.81348,40.26848,36.698277,40.26848,37.97258
983,40.26848,37.81348,40.26848,36.698277,40.26848,37.97258
984,40.26848,37.81348,40.26848,36.619026,40.26848,37.97258
985,40.26848,37.81348,40.26848,36.60756,40.26848,37.97258
986,40.26848,37.81348,40.26848,36.5757,40.26848,37.97258
987,40.26848,37.79202,40.26848,36.5757,40.26848,37.702026
988,40.26848,37.676212,40.26848,36.5757,40.26848,37.67079
989,40.26848,37.676212,40.26848,36.5757,40.26848,37.55087
990,40.26848,37.676212,40.26848,36.490654,40.26848,37.174755
991,40.26848,37.676212,40.26848,36.45297,40.26848,36.878063
992,40.26848,37.62888,40.26848,36.382614,40.26848,36.490654
993,40.26848,37.545242,40.26848,36.382614,40.26848,36.36719
994,40.26848,37.444603,40.26848,36.382614,40.26848,34.516766
995,40.26848,37.31227,40.26848,36.382614,40.26848,34.230957
996,40.26848,36.983555,40.26848,36.382614,40.26848,34.230957
997,40.26848,36.501373,40.26848,36.37744,40.26848,34.230957
998,40.26848,36.492153,40.26848,36.366547,40.26848,34.230957
999,40.26848,36.490654,40.26848,36.36578,40.26848,34.230957
1000,40.26848,35.694633,40.26848,36.345272,40.26848,34.230957
1001,40.26848,35.330402,40.26848,36.304497,40.26848,34.188538
1002,40.26848,35.2492,40.26848,36.213333,40.26848,34.17164
1003,40.26848,34.884884,40.26848,36.213333,40.26848,34.08408
1004,40.26848,34.83872,40.26848,36.213333,40.26848,33.539867
1005,40.26848,34.656857,40.26848,36.036533,40.26848,33.27561
1006,40.26848,34.230957,40.26848,35.99227,40.26848,33.136787
1007,40.26848,34.230957,40.26848,35.99227,40.26848,33.136787
1008,40.26848,34.230957,40.26848,35.99227,40.26848,33.136787
1009,40.26848,34.230957,40.26848,35.99227,40.26848,33.136787
1010,40.26848,34.230957,40.26848,35.99227,40.26848,33.136787
1011,40.26848,34.230957,40.26848,35.99227,40.26848,32.247765
1012,40.26848,34.163185,40.26848,35.99227,40.26848,32.247765
1013,40.26848,34.08408,40.26848,35.99227,40.26848,32.23933
1014,40.26848,34.04735,40.26848,35.99227,40.26848,32.04262
1015,40.26848,33.975193,40.26848,35.951893,40.26848,32.04262
1016,40.26848,33.898533,40.26848,35.861614,40.26848,32.04262
1017,40.26848,33.66917,40.26848,35.861614,40.26848,32.04262
1018,40.26848,33.520664,40.26848,35.861614,40.26848,32.04262
1019,40.26848,33.325993,40.26848,35.861614,40.26848,32.04262
1020,40.26848,33.136787,40.26848,35.858906,40.26848,31.94854
1021,40.26848,33.136787,40.26848,35.82247,40.26848,31.293045
1022,40.26848,33.136787,40.26848,35.82247,40.26848,31.161915
1023,40.26848,33.136787,40.26848,35.82247,40.26848,30.948454
1024,40.26848,33.136787,40.26848,35.502968,40.26848,30.948454
1025,40.26848,33.091415,40.26848,35.14905,40.26848,30.948454
1026,40.26848,33.080982,40.26848,34.82647,40.26848,30.948454
1027,40.26848,33.075058,40.26848,34.734585,40.26848,30.948454
1028,40.26848,32.76581,40.26848,34.306156,40.26848,30.748121
1029,40.26848,32.666378,40.26848,34.230957,40.26848,30.582638
1030,40.26848,32.46104,40.26848,34.230957,40.26848,30.581083
1031,40.26848,32.453457,40.26848,34.230957,40.26848,30.020086
1032,40.26848,32.450634,40.26848,34.230957,40.26848,30.020086
1033,40.26848,32.247765,40.26848,34.230957,40.26848,30.020086
1034,40.26848,32.247765,40.26848,34.230957,40.26848,30.020086
1035,40.26848,32.22378,40.26848,34.08408,40.26848,30.020086
1036,40.077297,32.207787,40.26848,33.975475,40.26848,29.932596
1037,40.047653,32.10016,40.26848,33.136787,40.26848,29.854286
1038,40.0461,32.04262,40.26848,33.136787,40.26848,29.854286
1039,40.0461,32.04262,40.26848,33.136787,40.26848,29.854286
1040,40.0461,32.04262,40.26848,33.136787,40.26848,29.854286
1041,40.0461,32.04262,40.26848,33.136787,40.26848,29.854286
1042,40.0461,32.04262,40.26848,32.247765,40.26848,29.854286
1043,40.0461,32.04262,40.156013,32.247765,40.26848,29.854286
1044,40.0461,31.965816,40.0461,32.04262,40.26848,29.348839
1045,40.0461,31.965816,40.0461,32.04262,40.174133,29.06265
1046,40.0461,31.965816,40.0461,32.04262,40.174133,28.88927
1047,40.0461,31.293045,40.0461,32.04262,40.0461,28.84186
1048,40.0461,31.204758,40.0461,32.04262,40.0461,28.760118
1049,40.0461,31.142708,40.0461,32.04262,40.0461,28.760118
1050,40.0461,30.948454,40.0461,31.497637,40.0461,28.760118
1051,40.0461,30.948454,40.0461,31.482065,40.0461,28.760118
1052,40.0461,30.948454,40.0461,31.293045,40.0461,28.760118
1053,40.0461,30.948454,40.0461,30.948454,40.0461,28.60627
1054,40.0461,30.948454,40.0461,30.948454,40.0461,27.688375
1055,40.0461,30.840235,40.0461,30.948454,40.0461,27.66595
1056,40.0461,30.020086,40.0461,30.948454,40.0461,27.66595
1057,40.0461,30.020086,40.0461,30.948454,40.0461,27.66595
1058,40.0461,30.020086,40.0461,30.656565,40.0461,27.374115
1059,40.0461,30.020086,40.0461,30.020086,40.0461,26.914108
1060,40.0461,30.020086,40.0461,30.020086,40.0461,26.906445
1061,40.0461,29.854286,40.0461,30.020086,40.0461,26.804869
1062,40.0461,29.854286,40.0461,30.020086,40.0461,26.571783
1063,40.0461,29.854286,40.0461,30.020086,40.0461,26.571783
1064,40.0461,29.854286,40.0461,29.854286,40.0461,26.571783
1065,40.0461,29.854286,40.0461,29.854286,40.0461,26.571783
1066,40.0461,29.854286,40.0461,29.854286,40.0461,26.571783
1067,40.0461,29.854286,40.0461,29.854286,40.0461,26.571783
1068,40.0461,28.760118,40.0461,29.854286,40.0461,26.571783
1069,40.0461,28.760118,40.0461,29.854286,40.0461,26.571783
1070,40.0461,28.760118,40.0461,29.854286,40.0461,26.571783
1071,40.0461,28.760118,40.0461,29.701845,40.0461,26.571783
1072,40.0461,28.760118,40.0461,28.760118,40.0461,26.325203
1073,40.0461,27.916315,40.0461,28.760118,40.0461,26.192493
1074,40.0461,27.66595,40.0461,28.760118,40.0461,25.690304
1075,40.0461,27.66595,40.0461,28.760118,40.0461,25.477615
1076,40.0461,27.66595,40.0461,28.760118,40.0461,25.477615
1077,40.0461,26.946362,40.0461,27.66595,40.0461,25.445543
1078,40.0461,26.571783,40.0461,27.66595,40.0461,25.368328
1079,40.0461,26.571783,40.0461,27.66595,40.0461,25.208864
1080,40.0461,26.571783,40.0461,26.571783,40.0461,25.20662
1081,40.0461,26.571783,40.0461,26.571783,40.0461,25.200783
1082,40.0461,26.571783,40.0461,26.571783,40.0461,25.138638
1083,40.0461,26.571783,40.0461,26.571783,40.0461,25.102047
1084,40.0461,26.571783,40.0461,26.571783,40.0461,24.82428
1085,40.0461,26.571783,40.0461,26.571783,40.0461,24.82428
1086,40.0461,26.571783,40.0461,26.571783,40.0461,24.82428
1087,40.0461,26.571783,40.0461,26.571783,40.0461,24.681862
1088,40.0461,26.468216,40.0461,26.571783,40.0461,24.681862
1089,40.0461,26.432905,40.0461,26.571783,40.0461,22.90681
1090,40.0461,26.037994,40.0461,26.571783,40.0461,22.803839
1091,40.0461,25.477615,40.0461,25.477615,40.0461,22.803839
1092,40.0461,25.477615,40.0461,25.477615,40.0461,22.68433
1093,40.0461,23.889812,40.0461,22.73921,40.0461,22.617542
1094,40.0461,23.889812,40.0461,22.73921,40.0461,21.864826
1095,40.0461,22.072056,40.0461,21.009,40.0461,21.864826
1096,40.0461,22.072056,40.0461,21.009,40.0461,21.864826
1097,40.0461,21.891739,40.0461,20.837368,40.0461,15.596088
1098,40.0461,21.163176,40.0461,20.143896,40.0461,15.596088
1099,40.0461,21.163176,40.0461,20.143896,40.0461,7.475596
1100,40.0461,21.163176,40.0461,20.143896,40.0461,7.3849273
1101,40.0461,15.095604,40.0461,14.368556,40.0461,7.3818684
1102,40.0461,15.095604,40.0461,14.368556,40.0461,7.3818684
1103,40.0461,8.014124,40.0461,8.981024,40.0461,6.2236753
1104,40.0461,7.3849273,40.0461,7.3849273,40.0461,3.807147
1105,40.0461,7.3818684,40.0461,7.3818684,40.0461,3.734603
1106,40.0461,7.3818684,40.0461,7.3818684,40.0461,3.6788073
1107,40.0461,7.2357016,40.0461,6.887209,40.0461,3.5067623
1108,40.0461,3.394229,40.0461,3.230753,40.0461,3.336599
1109,40.0461,3.230753,40.0461,3.230753,40.0461,3.230753
1110,40.0461,0.0,40.0461,0.0,40.0461,0.0
1111,40.0461,0.0,40.0461,0.0,40.0461,0.0
1112,40.0461,0.0,40.0461,0.0,40.0461,0.0
1113,40.0461,0.0,40.0461,0.0,40.0461,0.0
1114,40.0461,0.0,40.0461,0.0,40.0461,0.0
1115,40.0461,0.0,40.0461,0.0,40.0461,0.0
1116,40.0461,0.0,40.0461,0.0,40.0461,0.0
1117,40.0461,0.0,40.0461,0.0,40.0461,0.0
1118,40.0461,0.0,40.0461,0.0,40.0461,0.0
1119,40.0461,0.0,40.0461,0.0,40.0461,0.0
1120,40.0461,0.0,40.0461,0.0,40.0461,0.0
1121,40.0461,0.0,40.0461,0.0,40.0461,0.0
1122,40.0461,0.0,40.0461,0.0,40.0461,0.0
1123,40.0461,0.0,40.0461,0.0,40.0461,0.0
1124,40.0461,0.0,40.0461,0.0,40.0461,0.0
1125,40.0461,0.0,40.0461,0.0,40.0461,0.0
1126,40.0461,0.0,40.0461,0.0,40.0461,0.0
1127,40.0461,0.0,40.0461,0.0,40.0461,0.0
1128,40.0461,0.0,40.0461,0.0,40.0461,0.0
1129,40.0461,0.0,40.0461,0.0,40.0461,0.0
1130,40.0461,0.0,40.0461,0.0,40.0461,0.0
1131,40.0461,0.0,40.0461,0.0,40.0461,0.0
1132,40.0461,0.0,40.0461,0.0,40.0461,0.0
1133,40.0461,0.0,40.0461,0.0,40.0461,0.0
1134,40.0461,0.0,40.0461,0.0,40.0461,0.0
1135,40.0461,0.0,40.0461,0.0,40.0461,0.0
1136,40.0461,0.0,40.0461,0.0,40.0461,0.0
1137,40.0461,0.0,40.0461,0.0,40.0461,0.0
1138,40.0461,0.0,40.0461,0.0,40.0461,0.0
1139,40.0461,0.0,40.0461,0.0,40.0461,0.0
1140,40.0461,0.0,40.0461,0.0,40.0461,0.0
1141,40.0461,0.0,40.0461,0.0,40.0461,0.0
1142,40.0461,0.0,40.0461,0.0,40.0461,0.0
1143,40.0461,0.0,40.0461,0.0,40.0461,0.0
1144,40.0461,0.0,40.0461,0.0,40.0461,0.0
1145,40.0461,0.0,40.0461,0.0,40.0461,0.0
1146,40.0461,0.0,40.0461,0.0,40.0461,0.0
1147,40.0461,0.0,40.0461,0.0,40.0461,0.0
1148,40.005165,0.0,40.0461,0.0,40.0461,0.0
1149,39.843193,0.0,40.0461,0.0,40.0461,0.0
1150,39.743336,0.0,40.0461,0.0,40.0461,0.0
1151,39.743336,0.0,40.0461,0.0,40.0461,0.0
1152,39.6717,0.0,40.0461,0.0,40.0461,0.0
1153,39.6717,0.0,40.0461,0.0,40.0461,0.0
1154,39.6717,0.0,39.6717,0.0,40.0461,0.0
1155,39.6717,0.0,39.6717,0.0,40.0461,0.0
1156,39.6717,0.0,39.6717,0.0,40.0461,0.0
1157,39.6717,0.0,39.6717,0.0,39.6717,0.0
1158,39.6717,0.0,39.6717,0.0,39.6717,0.0
1159,39.6717,0.0,39.6717,0.0,39.6717,0.0
1160,39.6717,0.0,39.6717,0.0,39.6717,0.0
1161,39.6717,0.0,39.6717,0.0,39.6717,0.0
1162,39.6717,0.0,39.6717,0.0,39.6717,0.0
1163,39.6717,0.0,39.6717,0.0,39.6717,0.0
1164,39.6717,0.0,39.6717,0.0,39.6717,0.0
1165,39.6717,0.0,39.6717,0.0,39.6717,0.0
1166,39.6717,0.0,39.6717,0.0,39.6717,0.0
1167,39.6717,0.0,39.6717,0.0,39.6717,0.0
1168,39.6717,0.0,39.6717,0.0,39.6717,0.0
1169,39.6717,0.0,39.6717,0.0,39.6717,0.0
1170,39.6717,0.0,39.6717,0.0,39.6717,0.0
1171,39.6717,0.0,39.6717,0.0,39.6717,0.0
1172,39.6717,0.0,39.6717,0.0,39.6717,0.0
1173,39.6717,0.0,39.6717,0.0,39.6717,0.0
1174,39.6717,0.0,39.6717,0.0,39.6717,0.0
1175,39.6717,0.0,39.6717,0.0,39.6717,0.0
1176,39.6717,0.0,39.6717,0.0,39.6717,0.0
1177,39.6717,0.0,39.6717,0.0,39.6717,0.0
1178,39.6717,0.0,39.6717,0.0,39.6717,0.0
1179,39.6717,0.0,39.6717,0.0,39.6717,0.0
1180,39.6717,0.0,39.6717,0.0,39.6717,0.0
1181,39.6717,0.0,39.6717,0.0,39.6717,0.0
1182,39.6717,0.0,39.6717,0.0,39.6717,0.0
1183,39.6717,0.0,39.6717,0.0,39.6717,0.0
1184,39.6717,0.0,39.6717,0.0,39.6717,0.0
1185,39.6717,0.0,39.6717,0.0,39.6717,0.0
1186,39.6717,0.0,39.6717,0.0,39.6717,0.0
1187,39.6717,0.0,39.6717,0.0,39.6717,0.0
1188,39.6717,0.0,39.6717,0.0,39.6717,0.0
1189,39.6717,0.0,39.6717,0.0,39.6717,0.0
1190,39.6717,0.0,39.6717,0.0,39.6717,0.0
1191,39.6717,0.0,39.6717,0.0,39.6717,0.0
1192,39.6717,0.0,39.6717,0.0,39.6717,0.0
1193,39.6717,0.0,39.6717,0.0,39.6717,0.0
1194,39.6717,0.0,39.6717,0.0,39.6717,0.0
1195,39.6717,0.0,39.6717,0.0,39.6717,0.0
1196,39.6717,0.0,39.6717,0.0,39.6717,0.0
1197,39.6717,0.0,39.6717,0.0,39.6717,0.0
1198,39.6717,0.0,39.6717,0.0,39.6717,0.0
1199,39.6717,0.0,39.6717,0.0,39.6717,0.0
1200,39.6717,0.0,39.6717,0.0,39.6717,0.0
1201,39.6717,0.0,39.6717,0.0,39.6717,0.0
1202,39.6717,0.0,39.6717,0.0,39.6717,0.0
1203,39.6717,0.0,39.6717,0.0,39.6717,0.0
1204,39.6717,0.0,39.6717,0.0,39.6717,0.0
1205,39.6717,0.0,39.6717,0.0,39.6717,0.0
1206,39.6717,0.0,39.6717,0.0,39.6717,0.0
1207,39.6717,0.0,39.6717,0.0,39.6717,0.0
1208,39.6717,0.0,39.6717,0.0,39.6717,0.0
1209,39.6717,0.0,39.6717,0.0,39.6717,0.0
1210,39.6717,0.0,39.6717,0.0,39.6717,0.0
1211,39.6717,0.0,39.6717,0.0,39.6717,0.0
1212,39.6717,0.0,39.6717,0.0,39.6717,0.0
1213,39.503178,0.0,39.6717,0.0,39.6717,0.0
1214,39.503178,0.0,39.6717,0.0,39.6717,0.0
1215,39.503178,0.0,39.503178,0.0,39.6717,0.0
1216,39.503178,0.0,39.503178,0.0,39.6717,0.0
1217,39.503178,0.0,39.503178,0.0,39.6717,0.0
1218,39.503178,0.0,39.503178,0.0,39.662415,0.0
1219,39.503178,0.0,39.503178,0.0,39.65474,0.0
1220,39.503178,0.0,39.503178,0.0,39.503178,0.0
1221,39.503178,0.0,39.503178,0.0,39.503178,0.0
1222,39.503178,0.0,39.503178,0.0,39.503178,0.0
1223,39.503178,0.0,39.503178,0.0,39.503178,0.0
1224,39.503178,0.0,39.503178,0.0,39.503178,0.0
1225,39.503178,0.0,39.503178,0.0,39.503178,0.0
1226,39.503178,0.0,39.503178,0.0,39.503178,0.0
1227,39.503178,0.0,39.503178,0.0,39.503178,0.0
1228,39.503178,0.0,39.503178,0.0,39.503178,0.0
1229,39.503178,0.0,39.503178,0.0,39.503178,0.0
1230,39.503178,0.0,39.503178,0.0,39.503178,0.0
1231,39.503178,0.0,39.503178,0.0,39.503178,0.0
1232,39.503178,0.0,39.503178,0.0,39.503178,0.0
1233,39.503178,0.0,39.503178,0.0,39.503178,0.0
1234,39.503178,0.0,39.503178,0.0,39.503178,0.0
1235,39.503178,0.0,39.503178,0.0,39.503178,0.0
1236,39.503178,0.0,39.503178,0.0,39.503178,0.0
1237,39.503178,0.0,39.503178,0.0,39.503178,0.0
1238,39.503178,0.0,39.503178,0.0,39.503178,0.0
1239,39.503178,0.0,39.503178,0.0,39.503178,0.0
1240,39.503178,0.0,39.503178,0.0,39.503178,0.0
1241,39.503178,0.0,39.503178,0.0,39.503178,0.0
1242,39.503178,0.0,39.503178,0.0,39.503178,0.0
1243,39.503178,0.0,39.503178,0.0,39.503178,0.0
1244,39.503178,0.0,39.503178,0.0,39.503178,0.0
1245,39.503178,0.0,39.503178,0.0,39.503178,0.0
1246,39.503178,0.0,39.503178,0.0,39.503178,0.0
1247,39.503178,0.0,39.503178,0.0,39.503178,0.0
1248,39.503178,0.0,39.503178,0.0,39.503178,0.0
1249,39.503178,0.0,39.503178,0.0,39.503178,0.0
1250,39.503178,0.0,39.503178,0.0,39.503178,0.0
1251,39.503178,0.0,39.503178,0.0,39.503178,0.0
1252,39.503178,0.0,39.503178,0.0,39.503178,0.0
1253,39.503178,0.0,39.503178,0.0,39.503178,0.0
1254,39.503178,0.0,39.503178,0.0,39.503178,0.0
1255,39.503178,0.0,39.503178,0.0,39.503178,0.0
1256,39.503178,0.0,39.503178,0.0,39.503178,0.0
1257,39.33321,0.0,39.503178,0.0,39.503178,0.0
1258,39.2973,0.0,39.503178,0.0,39.503178,0.0
1259,39.2973,0.0,39.42625,0.0,39.503178,0.0
1260,39.2973,0.0,39.383423,0.0,39.503178,0.0
1261,39.2973,0.0,39.2973,0.0,39.503178,0.0
1262,39.2973,0.0,39.2973,0.0,39.503178,0.0
1263,39.2973,0.0,39.2973,0.0,39.503178,0.0
1264,39.2973,0.0,39.2973,0.0,39.2973,0.0
1265,39.2973,0.0,39.2973,0.0,39.2973,0.0
1266,39.2973,0.0,39.2973,0.0,39.2973,0.0
1267,39.2973,0.0,39.2973,0.0,39.2973,0.0
1268,39.2973,0.0,39.2973,0.0,39.2973,0.0
1269,39.2973,0.0,39.2973,0.0,39.2973,0.0
1270,39.2973,0.0,39.2973,0.0,39.2973,0.0
1271,39.2973,0.0,39.2973,0.0,39.2973,0.0
1272,39.2973,0.0,39.2973,0.0,39.2973,0.0
1273,39.2973,0.0,39.2973,0.0,39.2973,0.0
1274,39.2973,0.0,39.2973,0.0,39.2973,0.0
1275,39.2973,0.0,39.2973,0.0,39.2973,0.0
1276,39.2973,0.0,39.2973,0.0,39.2973,0.0
1277,39.2973,0.0,39.2973,0.0,39.2973,0.0
1278,39.2973,0.0,39.2973,0.0,39.2973,0.0
1279,39.2973,0.0,39.2973,0.0,39.2973,0.0
1280,39.2973,0.0,39.2973,0.0,39.2973,0.0
1281,39.2973,0.0,39.2973,0.0,39.2973,0.0
1282,39.2973,0.0,39.2973,0.0,39.2973,0.0
1283,39.2973,0.0,39.2973,0.0,39.2973,0.0
1284,39.2973,0.0,39.2973,0.0,39.2973,0.0
1285,39.2973,0.0,39.2973,0.0,39.2973,0.0
1286,39.2973,0.0,39.2973,0.0,39.2973,0.0
1287,39.2973,0.0,39.2973,0.0,39.2973,0.0
1288,39.2973,0.0,39.2973,0.0,39.2973,0.0
1289,39.2973,0.0,39.2973,0.0,39.2973,0.0
1290,39.2973,0.0,39.2973,0.0,39.2973,0.0
1291,39.2973,0.0,39.2973,0.0,39.2973,0.0
1292,39.2973,0.0,39.2973,0.0,39.2973,0.0
1293,39.2973,0.0,39.2973,0.0,39.2973,0.0
1294,39.2973,0.0,39.2973,0.0,39.2973,0.0
1295,39.2973,0.0,39.2973,0.0,39.2973,0.0
1296,39.2973,0.0,39.2973,0.0,39.2973,0.0
1297,39.2973,0.0,39.2973,0.0,39.2973,0.0
1298,39.2973,0.0,39.2973,0.0,39.2973,0.0
1299,39.2973,0.0,39.2973,0.0,39.2973,0.0
1300,39.2973,0.0,39.2973,0.0,39.2973,0.0
1301,39.2973,0.0,39.2973,0.0,39.2973,0.0
1302,39.2973,0.0,39.2973,0.0,39.2973,0.0
1303,39.2973,0.0,39.2973,0.0,39.2973,0.0
1304,39.2973,0.0,39.2973,0.0,39.2973,0.0
1305,39.2973,0.0,39.2973,0.0,39.2973,0.0
1306,39.2973,0.0,39.2973,0.0,39.2973,0.0
1307,39.2973,0.0,39.2973,0.0,39.2973,0.0
1308,39.2973,0.0,39.2973,0.0,39.2973,0.0
1309,39.2973,0.0,39.2973,0.0,39.2973,0.0
1310,39.2973,0.0,39.2973,0.0,39.2973,0.0
1311,39.2973,0.0,39.2973,0.0,39.2973,0.0
1312,39.2973,0.0,39.2973,0.0,39.2973,0.0
1313,39.2973,0.0,39.2973,0.0,39.2973,0.0
1314,39.2973,0.0,39.2973,0.0,39.2973,0.0
1315,39.2973,0.0,39.2973,0.0,39.2973,0.0
1316,39.2973,0.0,39.2973,0.0,39.2973,0.0
1317,39.2973,0.0,39.2973,0.0,39.2973,0.0
1318,39.076622,0.0,39.2973,0.0,39.2973,0.0
1319,39.05351,0.0,39.2973,0.0,39.2973,0.0
1320,38.9229,0.0,39.2973,0.0,39.2973,0.0
1321,38.9229,0.0,39.22343,0.0,39.2973,0.0
1322,38.9229,0.0,38.9229,0.0,39.2973,0.0
1323,38.9229,0.0,38.9229,0.0,39.2973,0.0
1324,38.9229,0.0,38.9229,0.0,38.9229,0.0
1325,38.9229,0.0,38.9229,0.0,38.9229,0.0
1326,38.9229,0.0,38.9229,0.0,38.9229,0.0
1327,38.9229,0.0,38.9229,0.0,38.9229,0.0
1328,38.9229,0.0,38.9229,0.0,38.9229,0.0
1329,38.9229,0.0,38.9229,0.0,38.9229,0.0
1330,38.9229,0.0,38.9229,0.0,38.9229,0.0
1331,38.9229,0.0,38.9229,0.0,38.9229,0.0
1332,38.9229,0.0,38.9229,0.0,38.9229,0.0
1333,38.9229,0.0,38.9229,0.0,38.9229,0.0
1334,38.9229,0.0,38.9229,0.0,38.9229,0.0
1335,38.9229,0.0,38.9229,0.0,38.9229,0.0
1336,38.9229,0.0,38.9229,0.0,38.9229,0.0
1337,38.9229,0.0,38.9229,0.0,38.9229,0.0
1338,38.9229,0.0,38.9229,0.0,38.9229,0.0
1339,38.9229,0.0,38.9229,0.0,38.9229,0.0
1340,38.9229,0.0,38.9229,0.0,38.9229,0.0
1341,38.9229,0.0,38.9229,0.0,38.9229,0.0
1342,38.9229,0.0,38.9229,0.0,38.9229,0.0
1343,38.9229,0.0,38.9229,0.0,38.9229,0.0
1344,38.9229,0.0,38.9229,0.0,38.9229,0.0
1345,38.9229,0.0,38.9229,0.0,38.9229,0.0
1346,38.9229,0.0,38.9229,0.0,38.9229,0.0
1347,38.9229,0.0,38.9229,0.0,38.9229,0.0
1348,38.9229,0.0,38.9229,0.0,38.9229,0.0
1349,38.9229,0.0,38.9229,0.0,38.9229,0.0
1350,38.9229,0.0,38.9229,0.0,38.9229,0.0
1351,38.9229,0.0,38.9229,0.0,38.9229,0.0
1352,38.9229,0.0,38.9229,0.0,38.9229,0.0
1353,38.9229,0.0,38.9229,0.0,38.9229,0.0
1354,38.9229,0.0,38.9229,0.0,38.9229,0.0
1355,38.9229,0.0,38.9229,0.0,38.9229,0.0
1356,38.9229,0.0,38.9229,0.0,38.9229,0.0
1357,38.9229,0.0,38.9229,0.0,38.9229,0.0
1358,38.9229,0.0,38.9229,0.0,38.9229,0.0
1359,38.9229,0.0,38.9229,0.0,38.9229,0.0
1360,38.9229,0.0,38.9229,0.0,38.9229,0.0
1361,38.9229,0.0,38.9229,0.0,38.9229,0.0
1362,38.9229,0.0,38.9229,0.0,38.9229,0.0
1363,38.9229,0.0,38.9229,0.0,38.9229,0.0
1364,38.9229,0.0,38.9229,0.0,38.9229,0.0
1365,38.9229,0.0,38.9229,0.0,38.9229,0.0
1366,38.9229,0.0,38.9229,0.0,38.9229,0.0
1367,38.9229,0.0,38.9229,0.0,38.9229,0.0
1368,38.9229,0.0,38.9229,0.0,38.9229,0.0
1369,38.9229,0.0,38.9229,0.0,38.9229,0.0
1370,38.9229,0.0,38.9229,0.0,38.9229,0.0
1371,38.9229,0.0,38.9229,0.0,38.9229,0.0
1372,38.9229,0.0,38.9229,0.0,38.9229,0.0
1373,38.9229,0.0,38.9229,0.0,38.9229,0.0
1374,38.9229,0.0,38.9229,0.0,38.9229,0.0
1375,38.9229,0.0,38.9229,0.0,38.9229,0.0
1376,38.9229,0.0,38.9229,0.0,38.9229,0.0
1377,38.9229,0.0,38.9229,0.0,38.9229,0.0
1378,38.9229,0.0,38.9229,0.0,38.9229,0.0
1379,38.9229,0.0,38.9229,0.0,38.9229,0.0
1380,38.9229,0.0,38.9229,0.0,38.9229,0.0
1381,38.9229,0.0,38.9229,0.0,38.9229,0.0
1382,38.9229,0.0,38.9229,0.0,38.9229,0.0
1383,38.9229,0.0,38.9229,0.0,38.9229,0.0
1384,38.9229,0.0,38.9229,0.0,38.9229,0.0
1385,38.9229,0.0,38.9229,0.0,38.9229,0.0
1386,38.9229,0.0,38.9229,0.0,38.9229,0.0
1387,38.9229,0.0,38.9229,0.0,38.9229,0.0
1388,38.9229,0.0,38.9229,0.0,38.9229,0.0
1389,38.9229,0.0,38.9229,0.0,38.9229,0.0
1390,38.9229,0.0,38.9229,0.0,38.9229,0.0
1391,38.9229,0.0,38.9229,0.0,38.9229,0.0
1392,38.9229,0.0,38.9229,0.0,38.9229,0.0
1393,38.9229,0.0,38.9229,0.0,38.9229,0.0
1394,38.9229,0.0,38.9229,0.0,38.9229,0.0
1395,38.9229,0.0,38.9229,0.0,38.9229,0.0
1396,38.9229,0.0,38.9229,0.0,38.9229,0.0
1397,38.9229,0.0,38.9229,0.0,38.9229,0.0
1398,38.9229,0.0,38.9229,0.0,38.9229,0.0
1399,38.9229,0.0,38.9229,0.0,38.9229,0.0
1400,38.9229,0.0,38.9229,0.0,38.9229,0.0
1401,38.9229,0.0,38.9229,0.0,38.9229,0.0
1402,38.9229,0.0,38.9229,0.0,38.9229,0.0
1403,38.73788,0.0,38.9229,0.0,38.9229,0.0
1404,38.73788,0.0,38.9229,0.0,38.9229,0.0
1405,38.73788,0.0,38.73788,0.0,38.9229,0.0
1406,38.73788,0.0,38.73788,0.0,38.9229,0.0
1407,38.73788,0.0,38.73788,0.0,38.73788,0.0
1408,38.73788,0.0,38.73788,0.0,38.73788,0.0
1409,38.73788,0.0,38.73788,0.0,38.73788,0.0
1410,38.73788,0.0,38.73788,0.0,38.73788,0.0
1411,38.73788,0.0,38.73788,0.0,38.73788,0.0
1412,38.73788,0.0,38.73788,0.0,38.73788,0.0
1413,38.73788,0.0,38.73788,0.0,38.73788,0.0
1414,38.73788,0.0,38.73788,0.0,38.73788,0.0
1415,38.73788,0.0,38.73788,0.0,38.73788,0.0
1416,38.73788,0.0,38.73788,0.0,38.73788,0.0
1417,38.73788,0.0,38.73788,0.0,38.73788,0.0
1418,38.73788,0.0,38.73788,0.0,38.73788,0.0
1419,38.73788,0.0,38.73788,0.0,38.73788,0.0
1420,38.73788,0.0,38.73788,0.0,38.73788,0.0
1421,38.73788,0.0,38.73788,0.0,38.73788,0.0
1422,38.73788,0.0,38.73788,0.0,38.73788,0.0
1423,38.73788,0.0,38.73788,0.0,38.73788,0.0
1424,38.73788,0.0,38.73788,0.0,38.73788,0.0
1425,38.73788,0.0,38.73788,0.0,38.73788,0.0
1426,38.73788,0.0,38.73788,0.0,38.73788,0.0
1427,38.73788,0.0,38.73788,0.0,38.73788,0.0
1428,38.73788,0.0,38.73788,0.0,38.73788,0.0
1429,38.73788,0.0,38.73788,0.0,38.73788,0.0
1430,38.73788,0.0,38.73788,0.0,38.73788,0.0
1431,38.73788,0.0,38.73788,0.0,38.73788,0.0
1432,38.73788,0.0,38.73788,0.0,38.73788,0.0
1433,38.73788,0.0,38.73788,0.0,38.73788,0.0
1434,38.73788,0.0,38.73788,0.0,38.73788,0.0
1435,38.73788,0.0,38.73788,0.0,38.73788,0.0
1436,38.73788,0.0,38.73788,0.0,38.73788,0.0
1437,38.73788,0.0,38.73788,0.0,38.73788,0.0
1438,38.73788,0.0,38.73788,0.0,38.73788,0.0
1439,38.73788,0.0,38.73788,0.0,38.73788,0.0
1440,38.73788,0.0,38.73788,0.0,38.73788,0.0
1441,38.5485,0.0,38.73788,0.0,38.73788,0.0
1442,38.5485,0.0,38.73788,0.0,38.73788,0.0
1443,38.5485,0.0,38.668213,0.0,38.73788,0.0
1444,38.5485,0.0,38.668213,0.0,38.73788,0.0
1445,38.5485,0.0,38.5485,0.0,38.5485,0.0
1446,38.5485,0.0,38.5485,0.0,38.5485,0.0
1447,38.5485,0.0,38.5485,0.0,38.5485,0.0
1448,38.5485,0.0,38.5485,0.0,38.5485,0.0
1449,38.5485,0.0,38.5485,0.0,38.5485,0.0
1450,38.5485,0.0,38.5485,0.0,38.5485,0.0
1451,38.5485,0.0,38.5485,0.0,38.5485,0.0
1452,38.5485,0.0,38.5485,0.0,38.5485,0.0
1453,38.5485,0.0,38.5485,0.0,38.5485,0.0
1454,38.5485,0.0,38.5485,0.0,38.5485,0.0
1455,38.5485,0.0,38.5485,0.0,38.5485,0.0
1456,38.5485,0.0,38.5485,0.0,38.5485,0.0
1457,38.5485,0.0,38.5485,0.0,38.5485,0.0
1458,38.5485,0.0,38.5485,0.0,38.5485,0.0
1459,38.5485,0.0,38.5485,0.0,38.5485,0.0
1460,38.5485,0.0,38.5485,0.0,38.5485,0.0
1461,38.5485,0.0,38.5485,0.0,38.5485,0.0
1462,38.5485,0.0,38.5485,0.0,38.5485,0.0
1463,38.5485,0.0,38.5485,0.0,38.5485,0.0
1464,38.5485,0.0,38.5485,0.0,38.5485,0.0
1465,38.5485,0.0,38.5485,0.0,38.5485,0.0
1466,38.5485,0.0,38.5485,0.0,38.5485,0.0
1467,38.5485,0.0,38.5485,0.0,38.5485,0.0
1468,38.5485,0.0,38.5485,0.0,38.5485,0.0
1469,38.5485,0.0,38.5485,0.0,38.5485,0.0
1470,38.5485,0.0,38.5485,0.0,38.5485,0.0
1471,38.5485,0.0,38.5485,0.0,38.5485,0.0
1472,38.5485,0.0,38.5485,0.0,38.5485,0.0
1473,38.5485,0.0,38.5485,0.0,38.5485,0.0
1474,38.5485,0.0,38.5485,0.0,38.5485,0.0
1475,38.5485,0.0,38.5485,0.0,38.5485,0.0
1476,38.5485,0.0,38.5485,0.0,38.5485,0.0
1477,38.5485,0.0,38.5485,0.0,38.5485,0.0
1478,38.5485,0.0,38.5485,0.0,38.5485,0.0
1479,38.366985,0.0,38.5485,0.0,38.5485,0.0
1480,38.366985,0.0,38.5485,0.0,38.5485,0.0
1481,38.174103,0.0,38.5485,0.0,38.5485,0.0
1482,38.174103,0.0,38.5485,0.0,38.5485,0.0
1483,38.174103,0.0,38.54056,0.0,38.292725,0.0
1484,38.174103,0.0,38.527626,0.0,38.174103,0.0
1485,38.174103,0.0,38.174103,0.0,38.174103,0.0
1486,38.174103,0.0,38.174103,0.0,38.174103,0.0
1487,38.174103,0.0,38.174103,0.0,38.174103,0.0
1488,38.174103,0.0,38.174103,0.0,38.174103,0.0
1489,38.174103,0.0,38.174103,0.0,38.174103,0.0
1490,38.174103,0.0,38.174103,0.0,38.174103,0.0
1491,38.174103,0.0,38.174103,0.0,38.174103,0.0
1492,38.174103,0.0,38.174103,0.0,38.174103,0.0
1493,38.174103,0.0,38.174103,0.0,38.174103,0.0
1494,38.174103,0.0,38.174103,0.0,38.174103,0.0
1495,38.174103,0.0,38.174103,0.0,38.174103,0.0
1496,38.174103,0.0,38.174103,0.0,38.174103,0.0
1497,38.174103,0.0,38.174103,0.0,38.174103,0.0
1498,38.174103,0.0,38.174103,0.0,38.174103,0.0
1499,38.174103,0.0,38.174103,0.0,38.174103,0.0
1500,38.174103,0.0,38.174103,0.0,38.174103,0.0
1501,38.174103,0.0,38.174103,0.0,38.174103,0.0
1502,38.174103,0.0,38.174103,0.0,38.174103,0.0
1503,38.174103,0.0,38.174103,0.0,38.174103,0.0
1504,38.174103,0.0,38.174103,0.0,38.174103,0.0
1505,38.174103,0.0,38.174103,0.0,38.174103,0.0
1506,38.174103,0.0,38.174103,0.0,38.174103,0.0
1507,38.174103,0.0,38.174103,0.0,38.174103,0.0
1508,38.174103,0.0,38.174103,0.0,38.174103,0.0
1509,38.174103,0.0,38.174103,0.0,38.174103,0.0
1510,38.174103,0.0,38.174103,0.0,38.174103,0.0
1511,38.174103,0.0,38.174103,0.0,38.174103,0.0
1512,38.174103,0.0,38.174103,0.0,38.174103,0.0
1513,38.174103,0.0,38.174103,0.0,38.174103,0.0
1514,38.174103,0.0,38.174103,0.0,38.174103,0.0
1515,38.174103,0.0,38.174103,0.0,38.174103,0.0
1516,38.174103,0.0,38.174103,0.0,38.174103,0.0
1517,38.174103,0.0,38.174103,0.0,38.174103,0.0
1518,38.174103,0.0,38.174103,0.0,38.174103,0.0
1519,38.174103,0.0,38.174103,0.0,38.174103,0.0
1520,38.174103,0.0,38.174103,0.0,38.174103,0.0
1521,38.174103,0.0,38.174103,0.0,38.174103,0.0
1522,38.174103,0.0,38.174103,0.0,38.174103,0.0
1523,38.174103,0.0,38.174103,0.0,38.174103,0.0
1524,38.174103,0.0,38.174103,0.0,38.174103,0.0
1525,38.174103,0.0,38.174103,0.0,38.174103,0.0
1526,38.174103,0.0,38.174103,0.0,38.174103,0.0
1527,38.174103,0.0,38.174103,0.0,38.174103,0.0
1528,37.97258,0.0,38.174103,0.0,38.174103,0.0
1529,37.97258,0.0,38.174103,0.0,38.174103,0.0
1530,37.97258,0.0,38.174103,0.0,38.174103,0.0
1531,37.97258,0.0,38.174103,0.0,37.97258,0.0
1532,37.97258,0.0,37.97258,0.0,37.97258,0.0
1533,37.97258,0.0,37.97258,0.0,37.97258,0.0
1534,37.97258,0.0,37.97258,0.0,37.97258,0.0
1535,37.97258,0.0,37.97258,0.0,37.97258,0.0
1536,37.959873,0.0,37.97258,0.0,37.97258,0.0
1537,37.00098,0.0,37.97258,0.0,37.97258,0.0
1538,34.734585,0.0,37.97258,0.0,37.97258,0.0
1539,34.230957,0.0,37.97258,0.0,37.876053,0.0
1540,34.230957,0.0,34.734585,0.0,34.734585,0.0
1541,34.230957,0.0,34.230957,0.0,34.230957,0.0
1542,34.230957,0.0,34.230957,0.0,34.230957,0.0
1543,33.136787,0.0,34.230957,0.0,34.230957,0.0
1544,33.136787,0.0,34.230957,0.0,34.230957,0.0
1545,33.136787,0.0,33.136787,0.0,33.136787,0.0
1546,32.247765,0.0,33.136787,0.0,33.136787,0.0
1547,32.247765,0.0,33.136787,0.0,33.136787,0.0
1548,32.247765,0.0,32.247765,0.0,32.92681,0.0
1549,32.247765,0.0,32.247765,0.0,32.92681,0.0
1550,32.04262,0.0,32.247765,0.0,32.92681,0.0
1551,31.445671,0.0,32.247765,0.0,32.92681,0.0
1552,31.445671,0.0,32.04262,0.0,32.247765,0.0
1553,31.445671,0.0,31.692558,0.0,32.247765,0.0
1554,31.445671,0.0,31.692558,0.0,32.247765,0.0
1555,31.441355,0.0,31.692558,0.0,32.247765,0.0
1556,31.441355,0.0,31.692558,0.0,32.04262,0.0
1557,31.293045,0.0,31.293045,0.0,31.293045,0.0
1558,30.948454,0.0,30.948454,0.0,30.948454,0.0
1559,29.854286,0.0,29.854286,0.0,29.854286,0.0
