Original,New
Battery,Battery
battery_10,Battery
battery_2,Battery
battery_4,Battery
battery_6,Battery
battery_8,Battery
New Capacity - Extra 4 hr Batteries,Battery
Bio_CC,Biopower
Bio_CC_Whole,Biopower
Bio_CT,Biopower
Bio_ICE,Biopower
Bio_ST,Biopower
Biogas CT,Biopower
Biogas_CT_ERCOT,Biopower
Biomass,Biopower
Biomass_EI,Biopower
Biomass_MX,Biopower
Biomass_WI,Biopower
biopower,Biopower
Biopower,Biopower
lfill-gas,Biopower
ReEDS_biopower,Biopower
ReEDS_lfill-gas,Biopower
Solid Biofuel ST,Biopower
Solid_Biofuel_ST_ERCOT,Biopower
WasteHeat_ST,Biopower
CAN,Canadian Imports
can-imports,Canadian Imports
ReEDS_canada,Canadian Imports
ReEDS_can-imports,Canadian Imports
Coal,Coal
Coal ST,Coal
Coal/Steam,Coal
Coal_ST,Coal
Coal_ST_EI,Coal
Coal_ST_ERCOT,Coal
Coal_ST_MX,Coal
Coal_ST_WI,Coal
coal-ccs,Coal
coal-igcc,Coal
Coal-IGCC,Coal
coal-new,Coal
coaloldscr,Coal
CoalOldScr,Coal
coalolduns,Coal
CoalOldUns,Coal
cofirenew,Coal
CrossCompoundWhole_Coal,Coal
ReEDS_coal-ccs,Coal
ReEDS_coal-igcc,Coal
ReEDS_coal-new,Coal
ReEDS_coaloldscr,Coal
ReEDS_cofirenew,Coal
ReEDS_cofireold,Coal
SUBCRITICAL-COAL,Coal
SUBCRITICAL-COAL_BD,Coal
SUBCRITICAL-LIGNITE,Coal
SUPERCRITICAL-COAL,Coal
SUPERCRITICAL-COAL_BD,Coal
CSP,CSP
CSP_MX,CSP
CSP_noTES,CSP
CSP-noTES_WI,CSP
csp-ns,CSP
CSP-TES,CSP
CSP-TES_WI,CSP
ReEDS_csp,CSP
ReEDS_csp-ns,CSP
Curtailment,Curtailment
Curtailment,Curtailment
2024_dpv,dPV
2024_DUPV,dPV
DG-BTM_2028,dPV
distPV,dPV
distpv,dPV
dpv,dPV
dPV,dPV
DUPV,dPV
dupv_2,dPV
dupv_3,dPV
dupv_4,dPV
dupv_5,dPV
dupv_6,dPV
dupv_7,dPV
ReEDS_distpv,dPV
ReEDS_dupv,dPV
RPM VG PV Rooftop,dPV
COGENERATION-BAGASSE,Dual Fuel
Dual_Fuel_NE,Dual Fuel
Dual_Fuel_NY,Dual Fuel
WHR,Dual Fuel
CC,Gas-CC
CC_AB_Cogen,Gas-CC
CC_Whole_NG_Aero,Gas-CC
CC_Whole_NG_Ind,Gas-CC
CC_Whole_NG_SS,Gas-CC
CC_WI,Gas-CC
CCGT-GAS,Gas-CC
CCGT-LNG,Gas-CC
CCGT-NAPTHA,Gas-CC
CCPP_BD,Gas-CC
CT_AB_Cogen,Gas-CC
CT_NG_Aero,Gas-CC
CT_NG_Ind,Gas-CC
Gas CC,Gas-CC
Gas CC_ERCOT,Gas-CC
gas-cc,Gas-CC
Gas-CC,Gas-CC
GasCC_ERCOT,Gas-CC
NG/CC,Gas-CC
NG_CC_EI,Gas-CC
NGCC_MX,Gas-CC
ReEDS_gas-cc,Gas-CC
ReEDS_gas-cc-nsp,Gas-CC
XcelNG,Gas-CC
ReEDS_gas-cc-ccs,Gas-CC CCS
CSU_cold_boostgas-cc-ccs-f2,Gas-CC CCS-flex
CSU_cost_boostgas-cc-ccs-f2,Gas-CC CCS-flex
CSU_hot_pumpgas-cc-ccs-f2,Gas-CC CCS-flex
CSU_NGCCgas-cc-ccs-f2,Gas-CC CCS-flex
Envergex_NGCCgas-cc-ccs-f2,Gas-CC CCS-flex
Envergex_pumpgas-cc-ccs-f2,Gas-CC CCS-flex
Gas-CC-CCS-F1,Gas-CC CCS-flex
Gas-CC-CCS-F2,Gas-CC CCS-flex
Gas-CC-CCS-F3,Gas-CC CCS-flex
gas-cc-ccs-flex,Gas-CC CCS-flex
GE_NGCCgas-cc-ccs-f2,Gas-CC CCS-flex
GE_pumpgas-cc-ccs-f2,Gas-CC CCS-flex
Georgia_Tech_NGCCgas-cc-ccs-f3,Gas-CC CCS-flex
Georgia_Tech_pumpgas-cc-ccs-f3,Gas-CC CCS-flex
LUNA_NGCCgas-cc-ccs-f1,Gas-CC CCS-flex
LUNA_pumpgas-cc-ccs-f1,Gas-CC CCS-flex
MIT_DACgas-cc-ccs-f1,Gas-CC CCS-flex
MIT_NGCCgas-cc-ccs-f1,Gas-CC CCS-flex
MIT_pumpgas-cc-ccs-f1,Gas-CC CCS-flex
Cogen_MX,Gas-CT
CT,Gas-CT
CT_BD,Gas-CT
CT_WI,Gas-CT
CT-GAS,Gas-CT
Gas CT,Gas-CT
Gas_CT_ERCOT,Gas-CT
gas-ct,Gas-CT
Gas-CT,Gas-CT
New Capacity - Extra Gas CTs,Gas-CT
NG/CT,Gas-CT
NG_CT_EI,Gas-CT
NGCT_MX,Gas-CT
ReEDS_gas-ct,Gas-CT
ReEDS_gas-ct-nsp,Gas-CT
Geo_BinaryCycle,Geothermal
Geo_DoubleFlash,Geothermal
geohydro_pbinary_1,Geothermal
geohydro_pflash_1,Geothermal
geohydro_pflash_2,Geothermal
geohydro_pflash_3,Geothermal
geohydro_pflash_4,Geothermal
geothermal,Geothermal
Geothermal_MX,Geothermal
Geothermal_WI,Geothermal
NF-EGS_pbinary_1,Geothermal
NF-EGS_pbinary_2,Geothermal
NF-EGS_pbinary_3,Geothermal
NF-EGS_pbinary_4,Geothermal
NF-EGS_pbinary_5,Geothermal
NF-EGS_pflash_5,Geothermal
ReEDS_geothermal,Geothermal
Renewable_Thermal,Geothermal
undisc_pflash_1,Geothermal
Cascading Hydro Tailwater Effects,Hydro
hyded,Hydro
hydED,Hydro
hydend,Hydro
hydEND,Hydro
hydND,Hydro
hydnd,Hydro
hydNPND,Hydro
hydnpnd,Hydro
Hydro,Hydro
Hydro_EI,Hydro
Hydro_ERCOT,Hydro
Hydro_FixedDispatch,Hydro
Hydro_MonthlyEnergy,Hydro
Hydro_MX,Hydro
Hydro_WI,Hydro
HYDRO-PEAK_GANDAKI_NP,Hydro
HYDRO-PEAK_KARNALI_NP,Hydro
HYDRO-PEAK_KOSHI_NP,Hydro
HYDRO-PONDAGE,Hydro
HYDRO-PONDAGE-BT,Hydro
HYDRO-ROR,Hydro
HYDRO-ROR_GANDAKI_NP,Hydro
HYDRO-ROR_KARNALI_NP,Hydro
HYDRO-ROR_KOSHI_NP,Hydro
HYDRO-ROR-BT,Hydro
HydroRPS,Hydro
hydUD,Hydro
hydud,Hydro
hydUND,Hydro
hydund,Hydro
ReEDS_hyded,Hydro
ReEDS_hydend,Hydro
ReEDS_hydnd,Hydro
ReEDS_hydnpnd,Hydro
ReEDS_hydsnd,Hydro
ReEDS_hydud,Hydro
ReEDS_hydund,Hydro
Cascading Hydro,MidC Hydro
nuclear,Nuclear
Nuclear,Nuclear
Nuclear ST,Nuclear
NUCLEAR_BD,Nuclear
Nuclear_EI,Nuclear
Nuclear_ERCOT,Nuclear
Nuclear_MX,Nuclear
Nuclear_WI,Nuclear
ReEDS_nuclear,Nuclear
ReEDS_nuclear-nsp,Nuclear
ST-Nuclear,Nuclear
ofswind,Offshore Wind
OSW,Offshore Wind
ReEDS_wind-ofs,Offshore Wind
wind-ofs,Offshore Wind
CT_Oil,Oil-Gas-Steam
FUEL-OIL_BD,Oil-Gas-Steam
FUEL-OIL_NP,Oil-Gas-Steam
Gas ST,Oil-Gas-Steam
Gas Steam,Oil-Gas-Steam
Gas_ST_ERCOT,Oil-Gas-Steam
IC_WI,Oil-Gas-Steam
ICE_NG,Oil-Gas-Steam
ICE_Oil,Oil-Gas-Steam
Liquid Fuel,Oil-Gas-Steam
Natural Gas,Oil-Gas-Steam
NG_IC_MX,Oil-Gas-Steam
NG_ST_EI,Oil-Gas-Steam
NG_ST_MX,Oil-Gas-Steam
NG_ST_WI,Oil-Gas-Steam
o-g-s,Oil-Gas-Steam
Oil CT,Oil-Gas-Steam
Oil/CT,Oil-Gas-Steam
Oil/Steam,Oil-Gas-Steam
Oil_CT_EI,Oil-Gas-Steam
Oil_CT_ERCOT,Oil-Gas-Steam
Oil_CT_MX,Oil-Gas-Steam
Oil_IC_MX,Oil-Gas-Steam
Oil_ST_EI,Oil-Gas-Steam
Oil_ST_MX,Oil-Gas-Steam
Oil-Gas-Steam,Oil-Gas-Steam
Other_ST,Oil-Gas-Steam
Other_ST_WI,Oil-Gas-Steam
ReEDS_o-g-s,Oil-Gas-Steam
ST_NG,Oil-Gas-Steam
Steam,Oil-Gas-Steam
SUBCRITICAL-OIL,Oil-Gas-Steam
Thermal,Oil-Gas-Steam
2024_Wind,Onshore Wind
onswind,Onshore Wind
ReEDS_wind-ons,Onshore Wind
RPM VG Wind,Onshore Wind
Wind,Onshore Wind
Wind_2028,Onshore Wind
wind-ofs_2,Onshore Wind
wind-ofs_3,Onshore Wind
wind-ofs_4,Onshore Wind
wind-ofs_5,Onshore Wind
wind-ons,Onshore Wind
wind-ons_1,Onshore Wind
wind-ons_10,Onshore Wind
wind-ons_2,Onshore Wind
wind-ons_3,Onshore Wind
wind-ons_4,Onshore Wind
wind-ons_5,Onshore Wind
wind-ons_6,Onshore Wind
wind-ons_7,Onshore Wind
wind-ons_8,Onshore Wind
wind-ons_9,Onshore Wind
XcelWind,Onshore Wind
OSW_BESS,OSW-Battery
DC-Intertie,Other
Dfuel_gen,Other
DIESEL,Other
DIESEL_BD,Other
DIESEL_NP,Other
DR,Other
Dummy_WI,Other
EE_WI,Other
ERCOT_penalty,Other
MotorLoad,Other
MotorLoad_WI,Other
Other_Hourly_resource,Other
Other_MX,Other
RPM Shed DR new generation,Other
SynchCond,Other
VAR-Device,Other
2024_UPV,PV
pv,PV
PV,PV
PV_Hrly-Res_2028,PV
pvb1_2,PV
pvb1_3,PV
pvb1_4,PV
pvb1_5,PV
pvb1_6,PV
pvb1_7,PV
ReEDS_pvb1,PV
ReEDS_upv,PV
ReEDS_vre-pvb1,PV
RPM VG PV Fixed,PV
RPM VG PV Tracking,PV
RTPV,PV
Solar,PV
SolarPV_NonTracking_2028,PV
SolarPV_Tracking_2028,PV
UPV,PV
upv,PV
upv_2,PV
upv_3,PV
upv_4,PV
upv_5,PV
upv_6,PV
upv_7,PV
XcelPV,PV
RPM PV Batt c0 DUPV,PV-Battery
RPM PV Batt c1 PV,PV-Battery
RPM VG DUPV Battery,PV-Battery
RPM VG PV Battery,PV-Battery
battery,Battery
BATTERY_1,Battery
BATTERY_2,Battery
BATTERY_4,Battery
caes,Compressed Air Storage
caes_gas,Compressed Air Storage
Generic Storage,Storage
HYDRO-PUMPED,Pumped Hydro
HYDRO-STORAGE,Hydro
HYDRO-STORAGE_BD,Hydro
HYDRO-STORAGE_GANDAKI_NP,Hydro
HYDRO-STORAGE_KOSHI_NP,Hydro
PHES,Pumped Hydro
PS_EI,Pumped Hydro
PS_WI,Pumped Hydro
PS-Hydro,Pumped Hydro
PS-HydroRPS,Pumped Hydro
pumped-hydro,Pumped Hydro
ReEDS_battery,Battery
ReEDS_caes,Compressed Air Storage
ReEDS_caes_gas,Compressed Air Storage
ReEDS_pumped-hydro,Pumped Hydro
RPM Storage c0,Storage
RPM Storage c1,Storage
Storage,Storage
Storage_WI,Storage
SynchCond,Storage
XcelBattery,Battery
reeds_vre,VRE
